camera_id,road_name,addr_road,addr_jibun,lat,lon,cams,px,direction,year,geomFilter
cam_001,,,동구 동명동 36-7,35.149656,126.928401,1,200만,360도,2014,"BOX(126.927299,35.148755,126.929503,35.150557)"
cam_002,,,동구 동명동 36-7,35.149656,126.928401,1,200만,360도,2025,"BOX(126.927299,35.148755,126.929503,35.150557)"
cam_003,,,동구 지산동 677-3,35.150134,126.928619,1,200만,360도,2024,"BOX(126.927517,35.149233,126.929721,35.151035)"
cam_004,,,동구 지산동 677-3,35.150134,126.928619,1,200만,360도,2022,"BOX(126.927517,35.149233,126.929721,35.151035)"
cam_005,,,동구 동명동 154-158,35.150601,126.927948,1,200만,360도,2024,"BOX(126.926846,35.149700,126.929050,35.151502)"
cam_006,,,동구 동명동 154-158,35.150601,126.927948,2,200만,360도,2018,"BOX(126.926846,35.149700,126.929050,35.151502)"
cam_007,,,동구 동명동 68-45,35.150289,126.926929,1,200만,360도,2019,"BOX(126.925827,35.149388,126.928031,35.151190)"
cam_008,,,동구 동명동 68-45,35.150289,126.926929,2,200만,360도,2020,"BOX(126.925827,35.149388,126.928031,35.151190)"
cam_009,,,동구 동명동 181-5,35.152596,126.925749,1,200만,360도,2019,"BOX(126.924647,35.151695,126.926851,35.153497)"
cam_010,,,동구 동명동 181-5,35.152596,126.925749,1,200만,360도,2023,"BOX(126.924647,35.151695,126.926851,35.153497)"
cam_011,,,동구 동명동 181-5,35.152596,126.925749,1,200만,360도,2024,"BOX(126.924647,35.151695,126.926851,35.153497)"
cam_012,동계로,동구 동계로 7,동구 동명동 200-22,35.152539,126.924103,2,200만,360도,2017,"BOX(126.923001,35.151638,126.925205,35.153440)"
cam_013,동계로,동구 동계로 7,동구 동명동 200-22,35.152539,126.924103,1,200만,360도,2017,"BOX(126.923001,35.151638,126.925205,35.153440)"
cam_014,동계로,동구 동계로 7,동구 동명동 200-22,35.152539,126.924103,1,200만,360도,2013,"BOX(126.923001,35.151638,126.925205,35.153440)"
cam_015,동계로13번길,동구 동계로13번길 11,동구 동명동 207-78,35.15321,126.923193,3,200만,360도,2019,"BOX(126.922091,35.152309,126.924295,35.154111)"
cam_016,동계로1번길,동구 동계로1번길 9,동구 동명동 200-153,35.152029,126.923055,3,200만,360도,2019,"BOX(126.921953,35.151128,126.924157,35.152930)"
cam_017,동계로1번길,동구 동계로1번길 9,동구 동명동 200-153,35.152029,126.923055,1,200만,360도,2016,"BOX(126.921953,35.151128,126.924157,35.152930)"
cam_018,동계로9번길,동구 동계로9번길 13,동구 동명동 200-31,35.152972,126.922411,1,200만,360도,2018,"BOX(126.921309,35.152071,126.923513,35.153873)"
cam_019,동계로9번길,동구 동계로9번길 13,동구 동명동 200-31,35.152972,126.922411,3,200만,360도,2024,"BOX(126.921309,35.152071,126.923513,35.153873)"
cam_020,동계천로,동구 동계천로 159-11,동구 동명동 68-8,35.149821,126.926351,4,200만,360도,2019,"BOX(126.925249,35.148920,126.927453,35.150722)"
cam_021,동계천로,동구 동계천로 162,동구 동명동 78-1,35.149109,126.926774,3,200만,360도,2023,"BOX(126.925672,35.148208,126.927876,35.150010)"
cam_022,동계천로,동구 동계천로 162,동구 동명동 78-1,35.149109,126.926774,1,200만,360도,2023,"BOX(126.925672,35.148208,126.927876,35.150010)"
cam_023,동계천로,동구 동계천로 170,동구 동명동 83-1,35.149033,126.928044,1,200만,360도,2023,"BOX(126.926942,35.148132,126.929146,35.149934)"
cam_024,동계천로,동구 동계천로 170,동구 동명동 83-1,35.149033,126.928044,1,200만,360도,2023,"BOX(126.926942,35.148132,126.929146,35.149934)"
cam_025,동계천로,동구 동계천로 172-1,동구 동명동 80-15,35.149421,126.928293,2,200만,360도,2019,"BOX(126.927191,35.148520,126.929395,35.150322)"
cam_026,동계천로,동구 동계천로 172-1,동구 동명동 80-15,35.149421,126.928293,1,200만,360도,2016,"BOX(126.927191,35.148520,126.929395,35.150322)"
cam_027,동계천로85번길,동구 동계천로85번길 6-12,동구 동명동 228-65,35.152281,126.921251,2,200만,360도,2024,"BOX(126.920149,35.151380,126.922353,35.153182)"
cam_028,동계천로95번길,동구 동계천로95번길 22-2,동구 동명동 207-32,35.153287,126.921883,4,200만,360도,2018,"BOX(126.920781,35.152386,126.922985,35.154188)"
cam_029,동계천로95번길,동구 동계천로95번길 22-8,동구 동명동 209-7,35.153359,126.922126,1,200만,360도,2018,"BOX(126.921024,35.152458,126.923228,35.154260)"
cam_030,동계천로95번길,동구 동계천로95번길 22-8,동구 동명동 209-7,35.153359,126.922126,1,200만,360도,2016,"BOX(126.921024,35.152458,126.923228,35.154260)"
cam_031,동계천로95번길,동구 동계천로95번길 31,동구 동명동 251-7,35.153979,126.921522,1,200만,360도,2024,"BOX(126.920420,35.153078,126.922624,35.154880)"
cam_032,동계천로95번길,동구 동계천로95번길 31,동구 동명동 251-7,35.153979,126.921522,2,200만,360도,2023,"BOX(126.920420,35.153078,126.922624,35.154880)"
cam_033,동계천로95번길,동구 동계천로95번길 31,동구 동명동 251-7,35.153979,126.921522,1,200만,360도,2021,"BOX(126.920420,35.153078,126.922624,35.154880)"
cam_034,동계천로95번길,동구 동계천로95번길 31-14,동구 동명동 249-10,35.153688,126.921119,3,200만,360도,2019,"BOX(126.920017,35.152787,126.922221,35.154589)"
cam_035,동계천로95번길,동구 동계천로95번길 9,동구 동명동 228-46,35.152214,126.922136,3,200만,360도,2022,"BOX(126.921034,35.151313,126.923238,35.153115)"
cam_036,동명로,동구 동명로 19,동구 동명동 200-169,35.150842,126.923425,1,200만,360도,2024,"BOX(126.922323,35.149941,126.924527,35.151743)"
cam_037,동명로,동구 동명로 19,동구 동명동 200-169,35.150842,126.923425,2,200만,360도,2018,"BOX(126.922323,35.149941,126.924527,35.151743)"
cam_038,동명로,동구 동명로 63-26,동구 지산동 680-5,35.152081,126.926713,2,200만,360도,2026,"BOX(126.925611,35.151180,126.927815,35.152982)"
cam_039,동명로20번길,동구 동명로20번길 9,동구 동명동 154-26,35.15061,126.92465,1,200만,360도,2019,"BOX(126.923548,35.149709,126.925752,35.151511)"
cam_040,동명로20번길,동구 동명로20번길 9,동구 동명동 154-26,35.15061,126.92465,3,200만,360도,2020,"BOX(126.923548,35.149709,126.925752,35.151511)"
cam_041,동명로98번길,동구 동명로98번길 17,동구 지산동 413-1,35.149228,126.930611,1,200만,360도,2024,"BOX(126.929509,35.148327,126.931713,35.150129)"
cam_042,동명로98번길,동구 동명로98번길 17,동구 지산동 413-1,35.149228,126.930611,3,200만,360도,2019,"BOX(126.929509,35.148327,126.931713,35.150129)"
cam_043,백서로,동구 백서로 219,동구 동명동 140-13,35.14736,126.926459,1,200만,360도,2023,"BOX(126.925357,35.146459,126.927561,35.148261)"
cam_044,백서로,동구 백서로 219,동구 동명동 140-13,35.14736,126.926459,2,200만,360도,2023,"BOX(126.925357,35.146459,126.927561,35.148261)"
cam_045,백서로224번길,동구 백서로224번길 2,동구 동명동 142-60,35.147724,126.926693,1,200만,360도,2023,"BOX(126.925591,35.146823,126.927795,35.148625)"
cam_046,백서로224번길,동구 백서로224번길 2,동구 동명동 142-60,35.147724,126.926693,1,200만,360도,2022,"BOX(126.925591,35.146823,126.927795,35.148625)"
cam_047,백서로224번길,동구 백서로224번길 2,동구 동명동 142-60,35.147724,126.926693,1,200만,360도,2018,"BOX(126.925591,35.146823,126.927795,35.148625)"
cam_048,장동로,동구 장동로 23-16,동구 동명동 23-16,35.148828,126.925057,2,200만,360도,2021,"BOX(126.923955,35.147927,126.926159,35.149729)"
cam_049,장동로,동구 장동로 23-16,동구 동명동 23-16,35.148828,126.925057,1,200만,360도,2021,"BOX(126.923955,35.147927,126.926159,35.149729)"
cam_050,장동로43번길,동구 장동로43번길 10,동구 동명동 143-38,35.148349,126.926428,2,200만,360도,2023,"BOX(126.925326,35.147448,126.927530,35.149250)"
cam_051,중앙로246번길,동구 중앙로246번길 5,동구 동명동 236,35.153392,126.920369,4,200만,360도,2024,"BOX(126.919267,35.152491,126.921471,35.154293)"
cam_052,필문대로253번길,동구 필문대로253번길 9-2,동구 동명동 113-40,35.148201,126.929933,2,200만,360도,2022,"BOX(126.928831,35.147300,126.931035,35.149102)"
cam_053,필문대로253번길,동구 필문대로253번길 9-2,동구 동명동 113-40,35.148201,126.929933,1,200만,360도,2022,"BOX(126.928831,35.147300,126.931035,35.149102)"
