segment_id,road_name,width_m,width_min_m,width_p25_m,n_sample,width_src,road_bt,tier,current_status,flag
seg_1109,필문대로289번길,4.61,3.16,4.24,5,ngii_digitalmap,2.0,CANDIDATE,GRAY,
seg_143,장동로54번길,8.51,1.12,4.95,5,ngii_digitalmap,3.0,FIXED_BLOCK,RED,
seg_193,필문대로273번길,8.49,8.06,8.06,43,ngii_digitalmap,8.0,CANDIDATE,GRAY,
seg_1113,필문대로273번길,9.86,8.94,9.63,4,ngii_digitalmap,3.0,CANDIDATE,GRAY,
seg_1947,백서로,2.15,1.8,2.02,6,silpok,2.0,FIXED_BLOCK,RED,
seg_303,필문대로289번길,4.03,3.16,3.61,135,ngii_digitalmap,4.0,CANDIDATE,GRAY,
seg_1946,백서로,14.76,2.92,8.61,7,ngii_digitalmap,3.0,CANDIDATE,YELLOW,
seg_1152,필문대로289번길,3.61,2.06,2.83,3,ngii_digitalmap,2.0,CANDIDATE,GRAY,
seg_1148,필문대로273번길,8.06,2.06,5.83,5,ngii_digitalmap,3.0,CANDIDATE,GRAY,
seg_1157,필문대로289번길,3.61,1.58,3.1,4,ngii_digitalmap,2.0,FIXED_BLOCK,RED,
seg_1945,장동로,3.16,3.16,3.16,20,ngii_digitalmap,3.0,CANDIDATE,YELLOW,
seg_1155,필문대로289번길,3.61,3.54,3.59,4,ngii_digitalmap,2.0,CANDIDATE,GRAY,
seg_3524,필문대로263번길,3.61,0.5,3.59,16,ngii_digitalmap,8.0,FIXED_BLOCK,RED,
seg_2282,장동로,6.71,4.92,6.5,30,ngii_digitalmap,2.0,CANDIDATE,YELLOW,
seg_1154,필문대로263번길,6.04,2.5,6.04,5,ngii_digitalmap,3.0,CANDIDATE,GRAY,
seg_1166,필문대로263번길,1.31,0.5,0.91,2,ngii_digitalmap,3.0,FIXED_BLOCK,RED,
seg_1164,필문대로263번길,6.04,1.0,5.15,9,ngii_digitalmap,4.0,FIXED_BLOCK,RED,
seg_1942,백서로224번길,3.04,1.0,3.04,34,ngii_digitalmap,3.0,FIXED_BLOCK,RED,
seg_71,백서로,7.16,7.0,7.0,134,ngii_digitalmap,16.0,CANDIDATE,GRAY,
seg_312,제봉로82번길,13.54,11.01,12.46,6,ngii_digitalmap,14.0,CANDIDATE,GRAY,
seg_2069,장동로,8.14,7.81,7.97,3,ngii_digitalmap,2.0,CANDIDATE,YELLOW,
seg_137,제봉로110번길,10.97,7.28,8.96,7,ngii_digitalmap,7.0,CANDIDATE,GRAY,
seg_2076,동계천로,6.89,4.3,4.38,6,ngii_digitalmap,4.0,CANDIDATE,YELLOW,
seg_2078,동계천로,4.53,4.53,4.53,41,ngii_digitalmap,5.0,CANDIDATE,YELLOW,
seg_196,필문대로263번길,6.04,6.04,6.04,86,ngii_digitalmap,6.0,CANDIDATE,GRAY,
seg_197,필문대로253번길,7.5,6.0,6.5,79,ngii_digitalmap,8.0,CANDIDATE,YELLOW,
seg_1182,필문대로253번길,9.22,8.5,8.56,5,ngii_digitalmap,2.0,CANDIDATE,YELLOW,
seg_1943,백서로224번길,3.04,3.04,3.04,22,ngii_digitalmap,3.0,CANDIDATE,YELLOW,
seg_1162,필문대로263번길,6.04,6.04,6.04,45,ngii_digitalmap,7.0,CANDIDATE,GRAY,
seg_1944,백서로224번길,3.04,3.04,3.04,21,ngii_digitalmap,2.0,CANDIDATE,YELLOW,
seg_146,백서로224번길,4.03,1.5,4.03,49,ngii_digitalmap,3.0,FIXED_BLOCK,RED,
seg_1167,필문대로253번길,4.87,2.5,3.5,46,ngii_digitalmap,3.0,CANDIDATE,YELLOW,
seg_1168,필문대로253번길,3.04,3.04,3.04,43,ngii_digitalmap,4.0,CANDIDATE,YELLOW,
seg_139,장동로,8.28,8.06,8.06,166,ngii_digitalmap,9.241,CANDIDATE,YELLOW,
seg_255,장동로43번길,5.02,5.0,5.02,89,ngii_digitalmap,4.0,CANDIDATE,YELLOW,
seg_1188,필문대로253번길,8.45,3.16,6.25,4,ngii_digitalmap,3.0,CANDIDATE,YELLOW,
seg_1187,필문대로253번길,6.08,6.02,6.08,44,ngii_digitalmap,6.0,CANDIDATE,YELLOW,
seg_1185,필문대로253번길,3.04,2.24,3.0,43,ngii_digitalmap,3.0,CANDIDATE,YELLOW,
seg_1189,필문대로253번길,2.92,2.5,2.83,14,silpok,2.0,CANDIDATE,YELLOW,
seg_1941,동계천로,10.76,1.58,5.64,14,ngii_digitalmap,4.0,FIXED_BLOCK,RED,
seg_2067,장동로,8.14,6.02,8.14,51,ngii_digitalmap,8.0,CANDIDATE,YELLOW,
seg_1191,필문대로,25.5,3.35,14.26,12,ngii_digitalmap,3.0,CANDIDATE,GRAY,
seg_2228,백서로,3.04,3.0,3.0,15,ngii_digitalmap,2.0,CANDIDATE,YELLOW,
seg_2229,동계천로,4.5,0.5,4.5,19,ngii_digitalmap,2.0,FIXED_BLOCK,RED,
seg_1192,지호로,2.24,2.24,2.24,1,ngii_digitalmap,1.0,CANDIDATE,GRAY,
seg_2083,동계천로,6.02,6.02,6.02,63,ngii_digitalmap,6.0,CANDIDATE,YELLOW,
seg_2082,동계천로,4.53,4.53,4.53,33,ngii_digitalmap,5.0,CANDIDATE,YELLOW,
seg_2092,동계천로,12.05,3.54,9.01,6,ngii_digitalmap,2.0,CANDIDATE,YELLOW,
seg_1287,지산로57번길,8.06,2.55,6.96,5,ngii_digitalmap,2.0,CANDIDATE,YELLOW,
seg_198,지산로57번길,10.27,8.54,9.11,8,ngii_digitalmap,8.0,CANDIDATE,YELLOW,
seg_1236,동명로98번길,4.61,3.04,3.04,53,ngii_digitalmap,4.0,CANDIDATE,YELLOW,
seg_1237,동명로98번길,7.72,1.5,4.98,8,ngii_digitalmap,2.0,FIXED_BLOCK,RED,
seg_2088,동계천로,11.52,2.5,7.62,6,ngii_digitalmap,2.0,CANDIDATE,YELLOW,
seg_2090,동계천로,10.75,1.41,6.41,6,ngii_digitalmap,3.0,FIXED_BLOCK,RED,
seg_2093,동계천로,8.31,1.58,5.9,12,ngii_digitalmap,3.0,FIXED_BLOCK,RED,
seg_2091,동계천로,5.31,1.41,5.02,10,ngii_digitalmap,2.0,FIXED_BLOCK,RED,
seg_2089,동계천로,10.8,2.0,6.88,6,ngii_digitalmap,3.0,CANDIDATE,YELLOW,
seg_2080,동계천로,7.07,7.02,7.07,64,ngii_digitalmap,8.0,CANDIDATE,YELLOW,
seg_2084,동계천로,6.02,6.02,6.02,11,ngii_digitalmap,6.0,CANDIDATE,YELLOW,
seg_2086,동계천로,8.25,8.08,8.08,40,ngii_digitalmap,9.0,CANDIDATE,YELLOW,
seg_2087,동계천로,8.07,3.81,7.0,4,ngii_digitalmap,2.0,CANDIDATE,YELLOW,
seg_2085,동계천로,6.02,3.5,4.76,3,ngii_digitalmap,1.0,CANDIDATE,GRAY,
seg_1255,동명로98번길,9.51,3.81,6.66,4,ngii_digitalmap,1.0,CANDIDATE,GRAY,
seg_1212,필문대로241번길,3.04,3.0,3.0,31,ngii_digitalmap,2.0,CANDIDATE,YELLOW,
seg_200,지산로63번길,6.32,4.53,4.61,5,ngii_digitalmap,4.0,CANDIDATE,GRAY,
seg_1210,필문대로241번길,9.22,1.41,3.27,14,ngii_digitalmap,1.0,FIXED_BLOCK,RED,
seg_195,동명로98번길,8.06,6.0,6.02,76,ngii_digitalmap,10.0,CANDIDATE,YELLOW,
seg_2079,동계천로,6.04,6.04,6.04,46,ngii_digitalmap,6.0,CANDIDATE,YELLOW,
seg_2081,동계천로,8.08,3.54,6.56,4,ngii_digitalmap,2.0,CANDIDATE,YELLOW,
seg_1940,필문대로,3.0,2.69,3.0,13,ngii_digitalmap,2.0,CANDIDATE,YELLOW,
seg_1939,필문대로,10.4,1.0,3.0,25,ngii_digitalmap,2.0,FIXED_BLOCK,RED,
seg_2097,동명로14번길,5.02,1.0,4.02,4,ngii_digitalmap,2.0,FIXED_BLOCK,RED,
seg_2095,동명로14번길,1.12,1.12,1.12,1,ngii_digitalmap,1.0,FIXED_BLOCK,RED,
seg_304,필문대로241번길,3.04,2.5,3.0,63,ngii_digitalmap,1.0,CANDIDATE,GRAY,
seg_2094,동명로14번길,6.0,0.5,2.75,23,ngii_digitalmap,2.0,FIXED_BLOCK,RED,
seg_1938,필문대로,6.2,4.53,5.96,52,ngii_digitalmap,7.0,CANDIDATE,YELLOW,
seg_131,동명로14번길,5.02,4.5,4.53,234,ngii_digitalmap,6.0,CANDIDATE,YELLOW,
seg_1208,필문대로241번길,2.5,2.24,2.5,8,silpok,1.0,CANDIDATE,GRAY,
seg_2096,동명로20번길,5.02,2.69,4.44,4,ngii_digitalmap,3.0,CANDIDATE,YELLOW,
seg_1937,동명로82번길,6.25,0.5,4.92,8,ngii_digitalmap,1.0,FIXED_BLOCK,RED,
seg_2098,동명로14번길,8.54,7.91,8.25,35,ngii_digitalmap,7.0,CANDIDATE,YELLOW,
seg_302,동명로70번길,8.04,6.96,7.62,102,ngii_digitalmap,8.31,CANDIDATE,YELLOW,
seg_355,필문대로,38.93,32.2,38.01,256,ngii_digitalmap,36.473,FIXED_PASS,BLUE,
seg_1936,동명로82번길,2.5,2.5,2.5,3,silpok,1.0,CANDIDATE,GRAY,
seg_2116,동명로20번길,5.5,0.5,3.82,4,ngii_digitalmap,2.0,FIXED_BLOCK,RED,
seg_2099,동명로14번길,7.02,6.96,7.0,30,ngii_digitalmap,7.0,CANDIDATE,GRAY,
seg_2118,동명로20번길,2.5,2.06,2.5,16,ngii_digitalmap,3.0,CANDIDATE,YELLOW,
seg_2100,동명로14번길,4.53,4.53,4.53,30,ngii_digitalmap,6.0,CANDIDATE,YELLOW,
seg_1206,필문대로,10.82,3.2,6.95,5,ngii_digitalmap,1.0,CANDIDATE,GRAY,
seg_2117,동명로20번길,8.54,8.14,8.25,27,ngii_digitalmap,2.0,CANDIDATE,YELLOW,
seg_1935,동명로82번길,2.24,2.0,2.06,8,silpok,2.0,CANDIDATE,GRAY,
seg_1933,동명로82번길,2.24,2.0,2.06,11,silpok,1.0,CANDIDATE,GRAY,
seg_129,동명로20번길,5.0,4.53,4.61,220,ngii_digitalmap,5.0,CANDIDATE,YELLOW,
seg_1934,동명로82번길,3.0,2.92,3.0,7,silpok,1.0,CANDIDATE,GRAY,
seg_147,동명로82번길,7.28,0.5,5.55,11,ngii_digitalmap,2.0,FIXED_BLOCK,RED,
seg_2112,동명로20번길,5.93,5.7,5.85,32,ngii_digitalmap,7.0,CANDIDATE,YELLOW,
seg_322,동명로,18.55,16.22,18.07,281,ngii_digitalmap,20.0,FIXED_PASS,BLUE,
seg_1919,동명로70번길,8.14,2.69,6.8,5,ngii_digitalmap,1.0,CANDIDATE,GRAY,
seg_2108,동명로20번길,7.52,7.07,7.28,31,ngii_digitalmap,7.0,CANDIDATE,YELLOW,
seg_2102,동명로14번길,4.53,3.5,4.01,3,ngii_digitalmap,1.0,CANDIDATE,GRAY,
seg_113,제봉로138번길,10.51,4.12,4.98,7,ngii_digitalmap,4.0,CANDIDATE,GRAY,
seg_2101,동명로20번길,4.53,2.92,4.12,4,ngii_digitalmap,2.0,CANDIDATE,YELLOW,
seg_112,제봉로140번길,13.01,5.7,10.57,6,ngii_digitalmap,6.0,CANDIDATE,GRAY,
seg_2119,동명로,6.02,5.59,5.59,52,ngii_digitalmap,7.0,CANDIDATE,YELLOW,
seg_2103,동명로20번길,4.24,4.03,4.03,33,ngii_digitalmap,5.0,CANDIDATE,YELLOW,
seg_2124,동명로25번길,3.04,3.04,3.04,33,ngii_digitalmap,2.0,CANDIDATE,GRAY,
seg_2122,동명로25번길,3.04,3.04,3.04,33,ngii_digitalmap,3.0,CANDIDATE,GRAY,
seg_2129,동계천로,11.63,0.5,6.6,7,ngii_digitalmap,2.0,FIXED_BLOCK,RED,
seg_2126,동명로25번길,6.1,5.32,5.59,33,ngii_digitalmap,7.0,CANDIDATE,GRAY,
seg_2231,동계천로,13.09,0.71,6.8,11,ngii_digitalmap,3.0,FIXED_BLOCK,RED,
seg_120,동명로25번길,5.1,4.12,4.12,94,ngii_digitalmap,6.0,CANDIDATE,GRAY,
seg_2127,동명로25번길,5.1,4.12,4.86,4,ngii_digitalmap,2.0,CANDIDATE,GRAY,
seg_2136,동명로25번길,3.04,3.04,3.04,32,ngii_digitalmap,4.0,CANDIDATE,GRAY,
seg_2131,동명로25번길,5.1,0.71,4.0,4,ngii_digitalmap,2.0,FIXED_BLOCK,RED,
seg_2134,동명로25번길,6.04,5.39,5.67,32,ngii_digitalmap,7.0,CANDIDATE,YELLOW,
seg_111,제봉로158번길,12.62,9.39,12.01,5,ngii_digitalmap,8.0,CANDIDATE,GRAY,
seg_2132,동명로25번길,3.04,3.04,3.04,29,ngii_digitalmap,3.0,CANDIDATE,GRAY,
seg_2158,동명로,3.16,0.5,3.16,23,ngii_digitalmap,2.0,FIXED_BLOCK,RED,
seg_121,동계로1번길,5.27,5.1,5.1,88,ngii_digitalmap,7.0,CANDIDATE,YELLOW,
seg_2186,동계천로,4.24,4.24,4.24,59,ngii_digitalmap,4.0,CANDIDATE,YELLOW,
seg_179,지호로,12.75,11.01,12.08,62,ngii_digitalmap,12.0,CANDIDATE,GRAY,
seg_1920,동명로,2.5,2.5,2.5,1,ngii_digitalmap,2.0,CANDIDATE,YELLOW,
seg_2115,동명로26번길,10.21,8.86,9.0,28,ngii_digitalmap,9.477,CANDIDATE,YELLOW,
seg_2106,동명로20번길,4.53,4.53,4.53,31,ngii_digitalmap,6.0,CANDIDATE,YELLOW,
seg_2114,동명로26번길,5.85,3.0,5.14,4,ngii_digitalmap,2.0,CANDIDATE,GRAY,
seg_127,동명로26번길,4.74,3.5,4.53,203,ngii_digitalmap,6.0,CANDIDATE,YELLOW,
seg_2113,동명로26번길,6.38,5.59,5.7,22,ngii_digitalmap,6.0,CANDIDATE,GRAY,
seg_2109,동명로26번길,6.5,6.5,6.5,29,ngii_digitalmap,7.0,CANDIDATE,GRAY,
seg_2104,동명로26번길,4.53,4.53,4.53,31,ngii_digitalmap,6.0,CANDIDATE,GRAY,
seg_2105,동명로26번길,4.53,2.5,4.02,4,ngii_digitalmap,3.0,CANDIDATE,GRAY,
seg_2107,동명로,16.49,2.5,9.65,8,ngii_digitalmap,2.0,CANDIDATE,YELLOW,
seg_2165,동명로,3.04,3.04,3.04,18,silpok,3.0,CANDIDATE,YELLOW,
seg_2164,동명로,11.9,2.06,7.01,6,ngii_digitalmap,3.0,CANDIDATE,YELLOW,
seg_2159,동명로,13.65,1.41,7.47,7,ngii_digitalmap,2.0,FIXED_BLOCK,RED,
seg_2161,동명로,13.24,1.5,7.35,7,ngii_digitalmap,2.0,FIXED_BLOCK,RED,
seg_2160,동명로,6.64,3.0,5.85,10,ngii_digitalmap,2.0,CANDIDATE,YELLOW,
seg_2162,동명로,4.27,0.5,3.54,11,ngii_digitalmap,3.0,FIXED_BLOCK,RED,
seg_2163,동명로,2.0,2.0,2.0,18,silpok,3.0,CANDIDATE,YELLOW,
seg_2924,동명로,6.64,2.0,5.7,10,silpok,1.0,CANDIDATE,GRAY,
seg_2885,동명로,1.0,0.71,0.78,10,silpok,2.0,FIXED_BLOCK,RED,
seg_621,동명로67번길,10.55,10.3,10.55,23,ngii_digitalmap,11.0,CANDIDATE,GRAY,
seg_2166,동계로10번길,5.5,2.5,4.75,4,ngii_digitalmap,2.0,CANDIDATE,GRAY,
seg_125,동계로10번길,5.7,3.04,4.51,92,ngii_digitalmap,6.0,CANDIDATE,YELLOW,
seg_2168,동계로12번길,3.81,2.5,3.48,4,ngii_digitalmap,2.0,CANDIDATE,YELLOW,
seg_2189,동계천로,3.2,3.2,3.2,27,ngii_digitalmap,4.0,CANDIDATE,YELLOW,
seg_2188,동계천로85번길,3.2,1.41,3.2,52,ngii_digitalmap,4.0,FIXED_BLOCK,RED,
seg_2190,동계천로,3.2,1.0,2.65,4,ngii_digitalmap,2.0,FIXED_BLOCK,RED,
seg_2146,동계로1번길,3.04,3.04,3.04,41,ngii_digitalmap,3.0,CANDIDATE,YELLOW,
seg_2187,동계천로,4.24,3.81,4.03,3,ngii_digitalmap,2.0,CANDIDATE,YELLOW,
seg_2144,동계로1번길,3.04,3.04,3.04,42,ngii_digitalmap,4.0,CANDIDATE,YELLOW,
seg_2142,동계로1번길,6.18,5.85,6.04,42,ngii_digitalmap,7.0,CANDIDATE,YELLOW,
seg_2191,동계천로85번길,3.18,0.5,2.5,4,ngii_digitalmap,3.0,FIXED_BLOCK,RED,
seg_2141,동계로1번길,3.04,3.04,3.04,43,ngii_digitalmap,3.0,CANDIDATE,YELLOW,
seg_2192,동계천로95번길,6.02,3.0,5.27,4,ngii_digitalmap,4.0,CANDIDATE,YELLOW,
seg_2138,동계로1번길,10.3,8.25,8.78,44,ngii_digitalmap,9.0,CANDIDATE,YELLOW,
seg_3042,동계천로85번길,3.2,1.12,2.68,4,ngii_digitalmap,1.5,FIXED_BLOCK,RED,
seg_2194,동계천로85번길,3.2,2.24,3.16,24,ngii_digitalmap,3.0,CANDIDATE,YELLOW,
seg_1635,동계천로,10.04,0.71,5.67,6,ngii_digitalmap,2.0,FIXED_BLOCK,RED,
seg_2174,동계로9번길,7.76,3.35,6.66,4,ngii_digitalmap,2.0,CANDIDATE,YELLOW,
seg_253,동계천로85번길,6.02,5.66,5.66,82,ngii_digitalmap,5.0,CANDIDATE,YELLOW,
seg_122,동계로9번길,7.76,6.8,7.62,81,ngii_digitalmap,9.0,CANDIDATE,YELLOW,
seg_1634,동계천로,10.28,2.5,7.34,6,ngii_digitalmap,3.0,CANDIDATE,YELLOW,
seg_1627,동계천로,10.0,3.2,7.78,5,ngii_digitalmap,3.0,CANDIDATE,YELLOW,
seg_2193,동계천로85번길,3.04,3.04,3.04,31,ngii_digitalmap,4.0,CANDIDATE,YELLOW,
seg_1632,동계천로,10.51,1.8,7.05,6,ngii_digitalmap,3.0,FIXED_BLOCK,RED,
seg_2196,동계천로95번길,6.18,1.8,5.24,10,ngii_digitalmap,3.0,FIXED_BLOCK,RED,
seg_1631,동계천로,9.69,0.71,5.54,6,ngii_digitalmap,3.0,FIXED_BLOCK,RED,
seg_354,동계천로,12.04,7.07,10.5,571,ngii_digitalmap,15.0,CANDIDATE,GRAY,
seg_2197,동계천로95번길,2.06,2.06,2.06,10,silpok,3.0,CANDIDATE,YELLOW,
seg_624,동계천로95번길,7.07,5.5,5.85,188,ngii_digitalmap,6.0,CANDIDATE,YELLOW,
seg_2151,동계로9번길,4.12,0.5,3.15,12,ngii_digitalmap,4.0,FIXED_BLOCK,RED,
seg_1652,중앙로252번길,4.61,3.16,4.25,4,ngii_digitalmap,2.0,CANDIDATE,GRAY,
seg_2207,동계로13번길,4.12,1.5,3.47,4,ngii_digitalmap,2.0,FIXED_BLOCK,RED,
seg_123,동계로13번길,4.12,4.12,4.12,121,ngii_digitalmap,6.0,CANDIDATE,YELLOW,
seg_1651,중앙로246번길,3.2,3.16,3.19,4,ngii_digitalmap,3.0,CANDIDATE,YELLOW,
seg_119,중앙로246번길,3.2,3.16,3.2,85,ngii_digitalmap,3.0,CANDIDATE,YELLOW,
seg_2199,동계로13번길,4.5,0.5,1.38,6,ngii_digitalmap,2.0,FIXED_BLOCK,RED,
seg_2198,동계천로95번길,6.71,3.2,4.07,15,ngii_digitalmap,5.0,CANDIDATE,YELLOW,
seg_2929,동계천로95번길,4.61,2.92,3.76,3,ngii_digitalmap,2.0,CANDIDATE,YELLOW,
seg_2358,동계로15번길,4.24,3.81,4.03,3,ngii_digitalmap,1.0,CANDIDATE,GRAY,
seg_2206,동계로13번길,4.12,2.92,3.82,4,ngii_digitalmap,3.0,CANDIDATE,YELLOW,
seg_2200,동계천로85번길,3.0,3.0,3.0,34,ngii_digitalmap,4.0,CANDIDATE,YELLOW,
seg_2359,동계로15번길,4.24,1.8,3.63,4,ngii_digitalmap,1.5,FIXED_BLOCK,RED,
seg_2201,동계천로85번길,3.0,3.0,3.0,3,ngii_digitalmap,3.0,CANDIDATE,YELLOW,
seg_2210,동계로15번길,4.24,4.03,4.24,60,ngii_digitalmap,4.0,CANDIDATE,GRAY,
seg_2208,동계로13번길,3.64,0.5,1.85,6,ngii_digitalmap,3.0,FIXED_BLOCK,RED,
seg_2216,동계로13번길,3.29,1.41,3.04,38,ngii_digitalmap,4.0,FIXED_BLOCK,RED,
seg_2340,동계천로95번길,3.16,1.5,2.75,4,ngii_digitalmap,1.0,FIXED_BLOCK,RED,
seg_2215,동계로13번길,4.95,3.16,3.2,35,ngii_digitalmap,4.0,CANDIDATE,YELLOW,
seg_116,중앙로252번길,4.61,3.2,4.61,90,ngii_digitalmap,6.0,CANDIDATE,GRAY,
seg_2213,동계로13번길,7.18,2.5,5.46,6,ngii_digitalmap,2.0,CANDIDATE,YELLOW,
seg_623,동계로15번길,5.0,3.04,3.16,87,ngii_digitalmap,6.0,CANDIDATE,YELLOW,
seg_2211,동계로13번길,6.98,5.52,6.26,38,ngii_digitalmap,9.0,CANDIDATE,YELLOW,
seg_2219,동계로13번길,3.16,1.12,2.65,4,ngii_digitalmap,2.0,FIXED_BLOCK,RED,
seg_2218,동계로13번길,3.2,1.12,2.68,4,ngii_digitalmap,2.0,FIXED_BLOCK,RED,
seg_2217,동계로13번길,6.1,0.5,3.64,5,ngii_digitalmap,3.0,FIXED_BLOCK,RED,
seg_602,중앙로,23.2,22.98,23.09,3,ngii_digitalmap,2.0,FIXED_PASS,BLUE,
seg_2212,동계로15번길,6.4,0.5,5.5,13,ngii_digitalmap,4.0,FIXED_BLOCK,RED,
seg_2203,동계천로95번길,4.61,0.5,4.53,24,ngii_digitalmap,5.0,FIXED_BLOCK,RED,
seg_1654,중앙로,17.5,2.5,8.93,10,ngii_digitalmap,2.0,CANDIDATE,GRAY,
seg_2202,동계천로95번길,3.16,0.5,3.16,54,ngii_digitalmap,3.0,FIXED_BLOCK,RED,
seg_1656,중앙로,22.15,8.6,15.35,7,ngii_digitalmap,5.0,CANDIDATE,GRAY,
seg_2214,동계로15번길,8.14,4.92,7.43,25,ngii_digitalmap,7.0,CANDIDATE,GRAY,
seg_2205,동계로15번길,3.16,2.0,3.16,10,ngii_digitalmap,2.0,CANDIDATE,GRAY,
seg_2220,경양로,13.5,1.5,7.5,7,ngii_digitalmap,3.0,FIXED_BLOCK,RED,
seg_533,중앙로,31.62,11.63,21.83,11,ngii_digitalmap,3.0,CANDIDATE,GRAY,
seg_2221,경양로,8.14,2.69,7.46,12,ngii_digitalmap,5.0,CANDIDATE,GRAY,
seg_2223,경양로305번길,3.2,1.41,2.92,6,silpok,2.0,FIXED_BLOCK,RED,
seg_102,구성로238번길,25.3,23.94,24.62,3,ngii_digitalmap,11.0,FIXED_PASS,BLUE,
seg_2293,계림로,8.14,3.2,7.07,5,ngii_digitalmap,1.522,CANDIDATE,GRAY,
seg_2157,중앙로,,,,0,,2.0,,GRAY,NO_DATA
seg_2226,경양로,4.86,1.0,3.79,4,silpok,2.0,FIXED_BLOCK,RED,
seg_323,동계로,18.34,16.62,17.39,79,ngii_digitalmap,19.0,FIXED_PASS,BLUE,
seg_124,동계로12번길,5.1,4.74,5.1,54,ngii_digitalmap,6.0,CANDIDATE,YELLOW,
seg_2167,동계로,3.61,3.54,3.61,47,ngii_digitalmap,5.0,CANDIDATE,YELLOW,
seg_2884,동계로,3.61,2.24,2.92,3,ngii_digitalmap,2.0,CANDIDATE,YELLOW,
seg_2883,동계로,3.64,1.58,3.13,4,ngii_digitalmap,2.0,FIXED_BLOCK,RED,
seg_2882,동계로,3.54,2.5,3.02,3,ngii_digitalmap,2.0,CANDIDATE,YELLOW,
seg_2155,중앙로,5.55,3.2,4.38,2,ngii_digitalmap,3.0,CANDIDATE,GRAY,
seg_114,계림로,8.14,7.43,8.06,68,ngii_digitalmap,10.0,CANDIDATE,GRAY,
seg_74,중앙로,24.3,21.57,23.33,108,ngii_digitalmap,25.0,FIXED_PASS,BLUE,
seg_353,경양로,15.07,12.0,14.56,102,ngii_digitalmap,15.0,FIXED_PASS,BLUE,
