seg_uid,seg_id,road_name,length_m
DM-191931-284253-LPTE,DM00619,독립로264번길,46.4
DM-191937-284226-LPTE,DM00621,독립로264번길,33.9
DM-191948-284089-LMYC,DM02548,금남로,84.1
DM-191962-284198-LPTE,DM00623,독립로264번길,44.5
DM-191963-284226-LPTE,DM00620,독립로264번길,36.9
DM-191973-284063-LMYC,DM02550,금남로,93.6
DM-191993-284106-LMYC,DM02882,금남로,40.4
DM-192003-284145-LMYC,DM00626,금남로,73.3
DM-192003-284192-LPTE,DM00622,독립로264번길,66.9
DM-192009-284093-LMYC,DM02921,금남로,1.2
DM-192014-284036-4X0Z,DM01954,금남로169번길,84.7
DM-192019-284086-4X0Z,DM02922,금남로169번길,22.5
DM-192035-284073-4X0Z,DM01957,금남로169번길,18.6
DM-192041-284161-LPTE,DM00624,독립로264번길,32.3
DM-192042-284090-4X0Z,DM02924,금남로169번길,37.1
DM-192046-284189-W4QT,DM00625,제봉로,50.5
DM-192062-284144-LPTE,DM00517,독립로264번길,21.6
DM-192066-284162-LPTE,DM00627,독립로264번길,32.6
DM-192068-283974-YE20,DM00144,구성로,55.7
DM-192071-284090-4X0Z,DM00629,금남로169번길,72.8
DM-192072-284215-W4QT,DM03239,제봉로,23.7
DM-192074-284041-4X0Z,DM00149,금남로169번길,83.2
DM-192074-284328-W4QT,DM00121,제봉로,148.7
DM-192074-284459-9Z2R,DM02642,독립로,44.9
DM-192078-284396-9Z2R,DM00654,독립로,98.7
DM-192079-284183-Y0V6,DM00516,제봉로213번길,57.5
DM-192080-284147-Y0V6,DM00515,제봉로213번길,27.6
DM-192083-284127-LPTE,DM00518,독립로264번길,32.8
DM-192091-284234-W4QT,DM03237,제봉로,28.9
DM-192096-284003-YE20,DM00147,구성로,24.9
DM-192097-284200-Y0V6,DM00514,제봉로213번길,57.5
DM-192100-283976-YE20,DM00148,구성로,43.2
DM-192100-284166-Y0V6,DM00513,제봉로213번길,26.7
DM-192101-284501-JFYG,DM00649,동계천로,73.2
DM-192103-284459-9Z2R,DM02643,독립로,23.6
DM-192109-284233-W4QT,DM03238,제봉로,27.4
DM-192111-284444-9Z2R,DM00652,독립로,36.3
DM-192116-284100-LPTE,DM00628,독립로264번길,52.9
DM-192118-284263-W4QT,DM00123,제봉로,50.5
DM-192119-284363-BQT2,DM00656,동계천로6번길,20.9
DM-192123-284186-Y0V6,DM00511,제봉로213번길,34.9
DM-192125-284071-LPTE,DM00630,독립로264번길,33.7
DM-192127-284380-BQT2,DM00653,동계천로6번길,33.8
DM-192128-284417-BQT2,DM00651,동계천로6번길,41.3
DM-192129-284459-BQT2,DM00648,동계천로6번길,41.9
DM-192131-284040-YE20,DM00150,구성로,76.7
DM-192139-284207-Y0V6,DM00512,제봉로213번길,30.7
DM-192145-284345-BQT2,DM00655,동계천로6번길,48.9
DM-192146-284075-LPTE,DM00151,독립로264번길,24.3
DM-192146-284307-5ICV,DM00122,제봉로222번길,56.1
DM-192147-284222-Y0V6,DM03240,제봉로213번길,16.5
DM-192159-284263-W4QT,DM00119,제봉로,63.8
DM-192164-284393-BQT2,DM00657,동계천로6번길,96.3
DM-192164-284455-JFYG,DM00650,동계천로,83.9
DM-192171-284212-Y0V6,DM00118,제봉로213번길,73.3
DM-192171-284226-Y0V6,DM00120,제봉로213번길,44.3
DM-192175-284052-HBVY,DM00153,구성로194번길,49.6
DM-192180-284348-5ICV,DM00658,제봉로222번길,48.5
DM-192186-283990-HBVY,DM00641,구성로194번길,89.1
DM-192193-284107-YE20,DM00152,구성로,105.2
DM-192193-284237-W4QT,DM00117,제봉로,22.9
DM-192207-284050-HBVY,DM00639,구성로194번길,43.6
DM-192209-284025-HBVY,DM00638,구성로194번길,37.6
DM-192213-284293-5ICV,DM00659,제봉로222번길,123.3
DM-192213-284384-5ICV,DM02436,제봉로222번길,49.6
DM-192213-284415-JFYG,DM02434,동계천로,42.0
DM-192214-284076-HBVY,DM02938,구성로194번길,25.0
DM-192223-284064-HBVY,DM02937,구성로194번길,8.2
DM-192226-283911-LMYC,DM00642,금남로,155.2
DM-192233-284067-HBVY,DM02940,구성로194번길,15.9
DM-192234-284206-W4QT,DM00115,제봉로,78.1
DM-192237-284056-HBVY,DM02939,구성로194번길,25.2
DM-192244-284326-5ICV,DM02850,제봉로222번길,123.6
DM-192247-284165-YE20,DM00116,구성로,54.0
DM-192252-283989-HBVY,DM00640,구성로194번길,73.4
DM-192259-284111-ZLSO,DM00154,구성로204번길,92.4
DM-192268-284061-ZLSO,DM00632,구성로204번길,51.8
DM-192277-284271-CYSW,DM02851,제봉로212번길,41.5
DM-192279-284364-JFYG,DM02435,동계천로,124.9
DM-192283-284240-CYSW,DM00156,제봉로212번길,51.0
DM-192285-284205-YE20,DM00155,구성로,55.8
DM-192290-283976-HBVY,DM00643,구성로194번길,27.4
DM-192291-283996-HBVY,DM02936,구성로194번길,28.3
DM-192294-284049-ZLSO,DM00634,구성로204번길,38.7
DM-192295-284069-ZLSO,DM00631,구성로204번길,18.3
DM-192310-284306-CYSW,DM02437,제봉로212번길,54.3
DM-192311-284149-W4QT,DM00113,제봉로,114.9
DM-192318-284004-HBVY,DM00636,구성로194번길,51.8
DM-192319-284042-ZLSO,DM00633,구성로204번길,53.0
DM-192327-284208-4W2N,DM00158,제봉로200번길,58.3
DM-192338-284262-YE20,DM00157,구성로,98.9
DM-192340-283917-HBVY,DM00370,구성로194번길,154.6
DM-192350-284311-JFYG,DM00160,동계천로,51.7
DM-192354-284002-ZLSO,DM00635,구성로204번길,52.4
DM-192367-284053-ZLSO,DM00112,구성로204번길,87.2
DM-192369-284131-66YK,DM00114,제봉로194번길,40.1
DM-192370-284175-66YK,DM00552,제봉로194번길,50.4
DM-192377-284099-W4QT,DM00111,제봉로,50.8
DM-192383-284226-4W2N,DM02852,제봉로200번길,97.5
DM-192385-283995-ZLSO,DM00637,구성로204번길,37.3
DM-192385-284153-66YK,DM00548,제봉로194번길,15.2
DM-192391-284278-4W2N,DM00161,제봉로200번길,59.5
DM-192398-284133-66YK,DM00549,제봉로194번길,44.4
DM-192401-284171-66YK,DM00550,제봉로194번길,32.8
DM-192402-284287-JFYG,DM00586,동계천로,64.6
DM-192404-284149-GM2I,DM00551,제봉로190번길,35.6
DM-192405-283944-ZLSO,DM00374,구성로204번길,102.8
DM-192405-284332-YE20,DM00159,구성로,96.2
DM-192410-283995-ZLSO,DM02933,구성로204번길,34.8
DM-192416-284070-W4QT,DM00109,제봉로,47.4
DM-192419-284030-W4QT,DM00108,제봉로,60.8
DM-192421-284268-4W2N,DM02438,제봉로200번길,15.1
DM-192423-284145-GM2I,DM03336,제봉로190번길,16.4
DM-192424-284303-D6CG,DM03163,동계천로43번길,37.5
DM-192426-284172-66YK,DM00554,제봉로194번길,33.4
DM-192428-284131-GM2I,DM02854,제봉로190번길,23.6
DM-192433-284277-D6CG,DM00585,동계천로43번길,12.6
DM-192436-284285-D6CG,DM00589,동계천로43번길,5.1
DM-192437-284268-JFYG,DM00587,동계천로,14.1
DM-192438-284206-66YK,DM00553,제봉로194번길,68.6
DM-192439-284246-66YK,DM00556,제봉로194번길,55.9
DM-192442-284309-D6CG,DM03162,동계천로43번길,45.4
DM-192446-284134-GM2I,DM02853,제봉로190번길,26.9
DM-192446-284360-YE20,DM00163,구성로,19.6
DM-192451-284380-YE20,DM00162,구성로,36.5
DM-192452-284300-D6CG,DM00588,동계천로43번길,47.0
DM-192455-284273-JFYG,DM02439,동계천로,32.6
DM-192458-284074-BH1S,DM00110,제봉로184번길,58.3
DM-192459-284108-BH1S,DM00539,제봉로184번길,54.8
DM-192459-284326-D6CG,DM00591,동계천로43번길,25.3
DM-192459-284353-YE20,DM03159,구성로,14.6
DM-192461-284037-W4QT,DM00107,제봉로,63.2
DM-192461-284254-JFYG,DM00558,동계천로,42.3
DM-192461-284371-PF48,DM00677,구성로238번길,36.1
DM-192462-284150-GM2I,DM02679,제봉로190번길,17.6
DM-192463-283928-X9DQ,DM00373,중앙로,66.7
DM-192468-284389-PF48,DM00165,구성로238번길,12.2
DM-192469-283966-X9DQ,DM00376,중앙로,46.3
DM-192469-284237-66YK,DM00555,제봉로194번길,20.2
DM-192477-284326-D6CG,DM00590,동계천로43번길,26.2
DM-192479-284126-BH1S,DM00541,제봉로184번길,58.1
DM-192482-284339-D6CG,DM00593,동계천로43번길,14.0
DM-192482-284412-YE20,DM00164,구성로,52.4
DM-192483-284212-GM2I,DM00557,제봉로190번길,54.9
DM-192485-284175-GM2I,DM02680,제봉로190번길,50.8
DM-192487-284371-PF48,DM00595,구성로238번길,40.6
DM-192491-284099-BH1S,DM00538,제봉로184번길,24.2
DM-192494-284140-BH1S,DM00543,제봉로184번길,61.4
DM-192496-284225-JFYG,DM00561,동계천로,48.5
DM-192496-284345-D6CG,DM00592,동계천로43번길,28.2
DM-192499-284279-JFYG,DM02440,동계천로,95.2
DM-192505-284003-W4QT,DM00103,제봉로,48.6
DM-192506-283970-X9DQ,DM00104,중앙로,53.2
DM-192508-284113-BH1S,DM00540,제봉로184번길,19.4
DM-192509-284200-GM2I,DM02441,제봉로190번길,18.0
DM-192510-284233-JTSZ,DM00564,동계천로53번길,42.0
DM-192514-284045-3URW,DM00106,제봉로178번길,79.1
DM-192515-284345-PF48,DM00596,구성로238번길,34.7
DM-192521-284215-JTSZ,DM00560,동계천로53번길,19.6
DM-192525-284255-JTSZ,DM00567,동계천로53번길,53.3
DM-192526-284169-BH1S,DM00545,제봉로184번길,66.9
DM-192527-284210-JFYG,DM02442,동계천로,22.4
DM-192529-284222-JTSZ,DM00563,동계천로53번길,2.6
DM-192530-284308-PF48,DM00678,구성로238번길,66.2
DM-192532-284132-BH1S,DM00542,제봉로184번길,42.9
DM-192535-284228-JTSZ,DM00565,동계천로53번길,14.4
DM-192536-284393-D6CG,DM00594,동계천로43번길,101.3
DM-192538-284183-JFYG,DM00562,동계천로,72.5
DM-192543-284225-JFYG,DM02685,동계천로,22.0
DM-192550-284013-X9DQ,DM00105,중앙로,70.2
DM-192550-284203-JFYG,DM00566,동계천로,57.1
DM-192551-283967-W4QT,DM00101,제봉로,68.4
DM-192551-284282-JTSZ,DM00569,동계천로53번길,53.9
DM-192553-284246-JTSZ,DM00568,동계천로53번길,36.3
DM-192557-284151-BH1S,DM00544,제봉로184번길,18.7
DM-192558-284056-X9DQ,DM00378,중앙로,49.8
DM-192561-284241-JFYG,DM02686,동계천로,25.1
DM-192562-284169-JFYG,DM02443,동계천로,17.7
DM-192571-284100-3URW,DM00536,제봉로178번길,78.6
DM-192572-284209-JFYG,DM02687,동계천로,63.3
DM-192574-284270-JTSZ,DM00570,동계천로53번길,27.9
DM-192582-284141-JFYG,DM00537,동계천로,48.2
DM-192584-284249-JTSZ,DM00571,동계천로53번길,56.5
DM-192587-284050-X9DQ,DM00377,중앙로,34.7
DM-192600-283841-N1HO,DM00755,예술길15번길,21.1
DM-192600-283973-W4QT,DM00102,제봉로,70.3
DM-192601-284190-PF48,DM02688,구성로238번길,24.2
DM-192604-284165-PF48,DM02444,구성로238번길,86.4
DM-192604-284207-PF48,DM02689,구성로238번길,23.2
DM-192612-283918-W4QT,DM00098,제봉로,87.7
DM-192613-283843-N1HO,DM02034,예술길15번길,15.4
DM-192616-284261-PF48,DM02678,구성로238번길,37.1
DM-192618-284081-X9DQ,DM00379,중앙로,52.4
DM-192618-284112-JFYG,DM00382,동계천로,44.2
DM-192619-284247-PF48,DM00679,구성로238번길,64.2
DM-192620-284180-PF48,DM00687,구성로238번길,117.5
DM-192625-284036-X9DQ,DM00380,중앙로,73.9
DM-192627-283869-N1HO,DM00100,예술길15번길,57.9
DM-192627-284211-PF48,DM00683,구성로238번길,42.5
DM-192647-284230-PF48,DM00682,구성로238번길,12.2
DM-192655-284231-PF48,DM02673,구성로238번길,9.9
DM-192655-284273-X9DQ,DM02668,중앙로,59.6
DM-192656-283802-SLXC,DM00754,서석로85번길,35.5
DM-192656-284213-PF48,DM00681,구성로238번길,36.9
DM-192657-284077-JFYG,DM00383,동계천로,61.0
DM-192657-284120-X9DQ,DM00381,중앙로,59.1
DM-192661-284245-PF48,DM02670,구성로238번길,29.1
DM-192662-283787-SLXC,DM00752,서석로85번길,21.2
DM-192662-283845-W4QT,DM00097,제봉로,54.6
DM-192662-284158-X9DQ,DM00385,중앙로,47.3
DM-192664-283878-W4QT,DM00096,제봉로,42.9
DM-192667-284182-PF48,DM00689,구성로238번길,45.0
DM-192669-283913-0DUE,DM00099,제봉로158번길,61.5
DM-192670-284048-JFYG,DM02446,동계천로,23.6
DM-192673-284197-PF48,DM00684,구성로238번길,9.2
DM-192675-283950-0DUE,DM00757,제봉로158번길,42.2
DM-192675-284260-X9DQ,DM02669,중앙로,13.1
DM-192678-284193-PF48,DM00686,구성로238번길,2.5
DM-192678-284250-X9DQ,DM02666,중앙로,17.0
DM-192681-284053-JFYG,DM02445,동계천로,6.8
DM-192683-284188-PF48,DM00688,구성로238번길,13.7
DM-192683-284218-PF48,DM00685,구성로238번길,44.3
DM-192685-283963-0DUE,DM00759,제봉로158번길,56.4
DM-192689-284152-X9DQ,DM00384,중앙로,30.6
DM-192691-284046-JFYG,DM02447,동계천로,17.8
DM-192691-284251-X9DQ,DM02667,중앙로,18.7
DM-192692-284062-JFYG,DM02448,동계천로,26.6
DM-192692-284239-X9DQ,DM02665,중앙로,17.9
DM-192692-284317-52VO,DM00600,경양로,50.8
DM-192695-283939-0DUE,DM00756,제봉로158번길,12.9
DM-192697-284175-PF48,DM00389,구성로238번길,22.0
DM-192702-284165-X9DQ,DM00386,중앙로,7.3
DM-192708-284039-JFYG,DM02449,동계천로,19.4
DM-192708-284201-X9DQ,DM00391,중앙로,62.3
DM-192709-284056-JFYG,DM02450,동계천로,33.0
DM-192714-284328-A7M1,DM00601,경양로277번길,56.9
DM-192716-283995-0DUE,DM00761,제봉로158번길,50.0
DM-192717-283961-0DUE,DM00758,제봉로158번길,50.2
DM-192722-284185-X9DQ,DM00388,중앙로,47.7
DM-192725-284026-JFYG,DM02451,동계천로,23.4
DM-192725-284047-JFYG,DM02452,동계천로,34.8
DM-192725-284225-X9DQ,DM00396,중앙로,69.1
DM-192727-284128-TO49,DM00387,중앙로246번길,89.4
DM-192733-283823-W4QT,DM00093,제봉로,132.6
DM-192740-284324-X9DQ,DM00399,중앙로,77.9
DM-192742-284206-X9DQ,DM00390,중앙로,11.7
DM-192743-283742-SLXC,DM00748,서석로85번길,62.5
DM-192743-283988-0DUE,DM00760,제봉로158번길,24.4
DM-192743-284007-JFYG,DM00762,동계천로,28.2
DM-192744-284271-52VO,DM00397,경양로,88.3
DM-192747-284030-JFYG,DM02453,동계천로,37.5
DM-192750-284177-X9DQ,DM00392,중앙로,60.2
DM-192752-284217-X9DQ,DM00393,중앙로,18.1
DM-192752-284375-X9DQ,DM00405,중앙로,38.1
DM-192769-284263-X9DQ,DM00395,중앙로,81.1
DM-192770-283980-JFYG,DM00763,동계천로,49.7
DM-192770-284385-X9DQ,DM00404,중앙로,15.1
DM-192771-284307-X9DQ,DM00398,중앙로,8.1
DM-192771-284320-X9DQ,DM00400,중앙로,17.8
DM-192771-284353-X9DQ,DM00402,중앙로,48.0
DM-192775-283773-SLXC,DM00095,서석로85번길,26.3
DM-192775-284091-TO49,DM00805,중앙로246번길,57.0
DM-192777-284060-TO49,DM00804,중앙로246번길,78.8
DM-192780-284011-3JSA,DM00806,동계천로85번길,60.6
DM-192784-284147-Z8KD,DM00394,중앙로252번길,157.6
DM-192788-284234-52VO,DM00778,경양로,27.3
DM-192797-283732-SJLN,DM02849,서석로,88.2
DM-192797-283773-W4QT,DM00091,제봉로,30.0
DM-192797-284329-X9DQ,DM00403,중앙로,51.8
DM-192798-284175-N2AV,DM02408,동계천로95번길,122.5
DM-192800-283972-JFYG,DM02454,동계천로,28.8
DM-192802-284295-X9DQ,DM00401,중앙로,76.2
DM-192804-283684-SJLN,DM00746,서석로,56.9
DM-192805-283988-JFYG,DM03296,동계천로,16.4
DM-192807-283945-JFYG,DM02455,동계천로,51.9
DM-192812-283805-5592,DM00094,제봉로140번길,72.4
DM-192813-284018-3JSA,DM01705,동계천로85번길,32.3
DM-192817-284043-3JSA,DM01704,동계천로85번길,37.4
DM-192819-284265-X343,DM00777,계림로,94.3
DM-192820-283990-JFYG,DM03295,동계천로,25.0
DM-192823-284360-72Y1,DM00796,중앙로272번길,64.9
DM-192824-284134-N2AV,DM03305,동계천로95번길,12.1
DM-192824-284171-N2AV,DM02879,동계천로95번길,83.8
DM-192827-284002-3JSA,DM03293,동계천로85번길,10.0
DM-192829-284233-52VO,DM02407,경양로,58.2
DM-192830-283909-JFYG,DM02457,동계천로,34.1
DM-192832-284071-Z8KD,DM00789,중앙로252번길,21.8
DM-192834-283744-W4QT,DM00089,제봉로,64.1
DM-192834-284059-3JSA,DM00791,동계천로85번길,9.3
DM-192834-284088-Z8KD,DM00790,중앙로252번길,21.2
DM-192836-284016-3JSA,DM03294,동계천로85번길,31.7
DM-192836-284051-3JSA,DM01706,동계천로85번길,13.2
DM-192837-283946-JFYG,DM02456,동계천로,53.2
DM-192839-284313-X9DQ,DM03268,중앙로,45.9
DM-192842-284141-N2AV,DM03304,동계천로95번길,30.1
DM-192843-283713-SJLN,DM00090,서석로,39.7
DM-192843-283981-3JSA,DM03291,동계천로85번길,41.7
DM-192845-283780-4091,DM00092,제봉로138번길,82.9
DM-192846-284040-3JSA,DM03297,동계천로85번길,18.9
DM-192847-284029-3JSA,DM03299,동계천로85번길,12.5
DM-192847-284071-3JSA,DM00792,동계천로85번길,26.1
DM-192847-284126-3JSA,DM03303,동계천로85번길,20.9
DM-192849-283815-5592,DM00765,제봉로140번길,27.1
DM-192849-283930-N2AV,DM02458,동계천로95번길,57.5
DM-192851-283912-JFYG,DM02460,동계천로,28.5
DM-192856-284102-3JSA,DM01708,동계천로85번길,44.5
DM-192857-284136-3JSA,DM03302,동계천로85번길,23.0
DM-192858-284212-N2AV,DM02410,동계천로95번길,49.9
DM-192860-284021-3JSA,DM03298,동계천로85번길,27.7
DM-192861-283840-5592,DM00764,제봉로140번길,47.3
DM-192861-284149-N2AV,DM02877,동계천로95번길,11.3
DM-192862-284169-N2AV,DM02876,동계천로95번길,37.6
DM-192865-283954-3JSA,DM02868,동계천로85번길,28.1
DM-192865-284285-X343,DM00780,계림로,22.1
DM-192866-283889-JFYG,DM02459,동계천로,47.9
DM-192866-284050-3JSA,DM02872,동계천로85번길,48.4
DM-192867-283977-JFYG,DM03290,동계천로,31.8
DM-192868-284089-3JSA,DM01707,동계천로85번길,30.0
DM-192868-284153-DX27,DM02878,동계로13번길,4.5
DM-192870-284238-52VO,DM02409,경양로,25.6
DM-192870-284303-X343,DM00779,계림로,33.4
DM-192871-284133-N2AV,DM00866,동계천로95번길,37.6
DM-192873-283993-JFYG,DM03292,동계천로,15.1
DM-192874-283944-N2AV,DM00823,동계천로95번길,1.9
DM-192875-284189-5UT1,DM02867,동계로15번길,33.9
DM-192878-284106-N2AV,DM00865,동계천로95번길,16.8
DM-192881-284096-N2AV,DM01709,동계천로95번길,3.3
DM-192883-283707-W4QT,DM00087,제봉로,60.0
DM-192883-284160-DX27,DM03320,동계로13번길,29.3
DM-192885-284075-N2AV,DM02873,동계천로95번길,40.9
DM-192887-284103-N2AV,DM02875,동계천로95번길,21.7
DM-192887-284213-5UT1,DM02413,동계로15번길,56.9
DM-192887-284307-52VO,DM00782,경양로,17.7
DM-192888-284258-52VO,DM02412,경양로,39.0
DM-192889-284114-DX27,DM00863,동계로13번길,25.2
DM-192890-284000-JFYG,DM02869,동계천로,33.0
DM-192891-284238-52VO,DM02411,경양로,16.5
DM-192892-283592-W4QT,DM00082,제봉로,90.9
DM-192892-283939-YM7N,DM00821,동명로25번길,36.1
DM-192893-283834-5592,DM00767,제봉로140번길,47.9
DM-192893-283863-5592,DM00766,제봉로140번길,32.9
DM-192893-283890-JFYG,DM02461,동계천로,22.1
DM-192893-283967-N2AV,DM00824,동계천로95번길,57.5
DM-192895-283794-4091,DM00769,제봉로138번길,20.4
DM-192896-283761-4091,DM00770,제봉로138번길,65.3
DM-192896-284033-N2AV,DM02871,동계천로95번길,44.9
DM-192896-284143-DX27,DM03316,동계로13번길,54.7
DM-192898-283876-JFYG,DM00768,동계천로,20.8
DM-192899-284112-N2AV,DM00862,동계천로95번길,8.3
DM-192900-284288-52VO,DM03321,경양로,28.7
DM-192901-284106-N2AV,DM03301,동계천로95번길,12.0
DM-192903-284336-X343,DM00781,계림로,59.6
DM-192904-283663-W4QT,DM00085,제봉로,54.1
DM-192904-284058-N2AV,DM02874,동계천로95번길,30.6
DM-192905-283999-N2AV,DM00837,동계천로95번길,26.1
DM-192909-284309-52VO,DM03323,경양로,40.4
DM-192910-284023-N2AV,DM02870,동계천로95번길,29.0
DM-192912-283629-W4QT,DM00084,제봉로,30.0
DM-192912-283921-YM7N,DM00820,동명로25번길,20.3
DM-192912-283932-YM7N,DM00819,동명로25번길,5.7
DM-192912-283989-SZY4,DM00836,동계로1번길,0.8
DM-192912-284114-DX27,DM00861,동계로13번길,22.3
DM-192912-284125-DX27,DM00864,동계로13번길,31.3
DM-192913-283942-YM7N,DM00822,동명로25번길,19.9
DM-192914-284071-N2AV,DM03300,동계천로95번길,19.8
DM-192915-283864-JFYG,DM02462,동계천로,23.3
DM-192918-283801-4091,DM00771,제봉로138번길,28.5
DM-192918-284155-DX27,DM03318,동계로13번길,34.2
DM-192921-283929-YM7N,DM00817,동명로25번길,12.8
DM-192922-283666-GO22,DM00086,장동로,36.5
DM-192922-284236-52VO,DM02414,경양로,45.6
DM-192924-284190-5UT1,DM02865,동계로15번길,65.0
DM-192926-284140-DX27,DM03315,동계로13번길,9.1
DM-192928-283760-6Z8Q,DM00772,동명로,87.5
DM-192928-284363-X343,DM00783,계림로,13.5
DM-192929-283712-6Z8Q,DM00088,동명로,60.9
DM-192929-283984-SZY4,DM00835,동계로1번길,33.8
DM-192931-283617-W4QT,DM03251,제봉로,14.6
DM-192932-283894-YM7N,DM00815,동명로25번길,65.8
DM-192932-284028-SZY4,DM00847,동계로1번길,87.4
DM-192932-284064-N2AV,DM03267,동계천로95번길,26.6
DM-192932-284103-DX27,DM00860,동계로13번길,27.8
DM-192932-284274-F0LS,DM03322,경양로305번길,51.4
DM-192932-284351-X343,DM00784,계림로,22.7
DM-192933-284261-52VO,DM02415,경양로,59.1
DM-192934-283637-GO22,DM00981,장동로,37.4
DM-192934-284146-DX27,DM03317,동계로13번길,11.0
DM-192934-284154-DX27,DM03319,동계로13번길,12.5
DM-192935-284127-DX27,DM00859,동계로13번길,32.0
DM-192936-283954-YM7N,DM00818,동명로25번길,56.9
DM-192936-284114-DX27,DM00857,동계로13번길,25.4
DM-192938-284299-F0LS,DM00954,경양로305번길,62.1
DM-192939-283834-JFYG,DM00775,동계천로,53.6
DM-192941-283655-GO22,DM00978,장동로,7.5
DM-192942-283851-6Z8Q,DM02463,동명로,40.8
DM-192942-283921-YM7N,DM00814,동명로25번길,32.3
DM-192943-283576-F9WR,DM00968,제봉로110번길,69.5
DM-192944-283809-4091,DM00773,제봉로138번길,25.0
DM-192946-284154-DX27,DM03314,동계로13번길,17.3
DM-192947-283673-GO22,DM00979,장동로,37.6
DM-192950-284234-52VO,DM00947,경양로,9.9
DM-192951-283979-SZY4,DM00833,동계로1번길,11.3
DM-192951-284133-DX27,DM00858,동계로13번길,38.9
DM-192953-283780-6Z8Q,DM00774,동명로,65.5
DM-192953-284155-DX27,DM03312,동계로13번길,6.1
DM-192955-284173-DX27,DM02866,동계로13번길,30.1
DM-192955-284212-5UT1,DM02416,동계로15번길,49.4
DM-192956-283738-6Z8Q,DM02035,동명로,14.9
DM-192956-284251-F0LS,DM00946,경양로305번길,35.8
DM-192958-284271-F0LS,DM00949,경양로305번길,3.5
DM-192959-284281-F0LS,DM00951,경양로305번길,17.6
DM-192960-283644-GO22,DM00980,장동로,37.5
DM-192962-284064-D27G,DM00846,동계로9번길,34.9
DM-192962-284138-DX27,DM03313,동계로13번길,32.9
DM-192964-284320-F0LS,DM00953,경양로305번길,59.8
DM-192966-284087-D27G,DM00845,동계로9번길,57.8
DM-192968-283711-6Z8Q,DM02036,동명로,55.7
DM-192968-284018-SZY4,DM00834,동계로1번길,84.6
DM-192969-283601-F9WR,DM00971,제봉로110번길,18.8
DM-192969-283750-6Z8Q,DM02037,동명로,19.7
DM-192969-284277-F0LS,DM00952,경양로305번길,24.5
DM-192970-283912-YM7N,DM00812,동명로25번길,25.4
DM-192970-284108-DX27,DM00856,동계로13번길,44.2
DM-192970-284287-F0LS,DM00955,경양로305번길,19.6
DM-192971-284231-52VO,DM00948,경양로,33.6
DM-192972-283877-YM7N,DM00813,동명로25번길,64.7
DM-192973-283973-SZY4,DM00831,동계로1번길,34.3
DM-192974-283942-YM7N,DM00816,동명로25번길,62.4
DM-192975-283795-JFYG,DM00776,동계천로,52.8
DM-192977-283842-6Z8Q,DM03266,동명로,31.8
DM-192977-284166-5UT1,DM03308,동계로15번길,49.2
DM-192980-284248-52VO,DM00950,경양로,61.1
DM-192985-283767-6Z8Q,DM00921,동명로,27.9
DM-192986-284181-5UT1,DM02862,동계로15번길,61.4
DM-192992-283603-F9WR,DM00970,제봉로110번길,42.7
DM-192993-284118-DX27,DM00855,동계로13번길,42.7
DM-192994-283624-GO22,DM00973,장동로,40.2
DM-192996-284054-D27G,DM00844,동계로9번길,36.4
DM-192996-284100-DX27,DM00854,동계로13번길,8.5
DM-192996-284153-DX27,DM03307,동계로13번길,29.8
DM-192997-283903-YM7N,DM00809,동명로25번길,32.1
DM-192997-284288-F0LS,DM03324,경양로305번길,35.6
DM-192998-284224-52VO,DM02417,경양로,22.3
DM-193002-283663-GO22,DM00982,장동로,76.6
DM-193002-284009-SZY4,DM00832,동계로1번길,83.5
DM-193002-284276-F0LS,DM03325,경양로305번길,47.1
DM-193003-283868-YM7N,DM00810,동명로25번길,64.5
DM-193007-283833-6Z8Q,DM00903,동명로,30.0
DM-193008-283803-6Z8Q,DM00902,동명로,57.6
DM-193008-284169-5UT1,DM02864,동계로15번길,13.3
DM-193011-283964-SZY4,DM00829,동계로1번길,43.8
DM-193013-283749-JFYG,DM00922,동계천로,69.9
DM-193014-283698-JFYG,DM02464,동계천로,80.6
DM-193018-284280-F0LS,DM03326,경양로305번길,26.6
DM-193021-284090-DX27,DM00852,동계로13번길,45.5
DM-193022-283929-YM7N,DM00811,동명로25번길,63.4
DM-193022-284236-52VO,DM02418,경양로,46.3
DM-193024-283602-GO22,DM00974,장동로,35.4
DM-193025-283765-367J,DM00920,동명로14번길,66.0
DM-193028-284127-DX27,DM03306,동계로13번길,67.9
DM-193029-284261-F0LS,DM03327,경양로305번길,17.0
DM-193030-283825-N84A,DM00901,동명로20번길,19.1
DM-193031-284044-D27G,DM00843,동계로9번길,35.6
DM-193032-283892-YM7N,DM00807,동명로25번길,41.1
DM-193035-284167-5UT1,DM02860,동계로15번길,42.6
DM-193036-283856-6Z8Q,DM00885,동명로,62.9
DM-193037-284000-SZY4,DM00830,동계로1번길,82.2
DM-193041-284263-F0LS,DM03328,경양로305번길,34.9
DM-193042-284146-5UT1,DM02863,동계로15번길,73.5
DM-193044-283584-GO22,DM00983,장동로,17.7
DM-193045-283956-SZY4,DM00827,동계로1번길,26.5
DM-193045-284273-B7J3,DM00961,경양로321번길,56.6
DM-193046-284096-DX27,DM00853,동계로13번길,23.7
DM-193051-283602-GO22,DM00984,장동로,36.1
DM-193051-283636-F9WR,DM00972,제봉로110번길,93.1
DM-193053-283820-N84A,DM00904,동명로20번길,27.0
DM-193055-284037-D27G,DM00841,동계로9번길,16.1
DM-193056-284202-52VO,DM00958,경양로,101.8
DM-193057-284279-B7J3,DM00964,경양로321번길,77.8
DM-193059-283585-GO22,DM00986,장동로,21.9
DM-193059-283769-367J,DM00924,동명로14번길,19.5
DM-193059-283848-N84A,DM00887,동명로20번길,64.5
DM-193060-283881-OKXU,DM00884,동명로26번길,20.7
DM-193060-284170-5UT1,DM02861,동계로15번길,22.6
DM-193063-283567-GO22,DM00985,장동로,33.6
DM-193065-284043-D27G,DM00842,동계로9번길,15.7
DM-193066-284078-DX27,DM00850,동계로13번길,47.8
DM-193067-283822-N84A,DM00906,동명로20번길,10.2
DM-193068-283480-U889,DM00990,제봉로82번길,129.5
DM-193068-283992-SZY4,DM00828,동계로1번길,81.1
DM-193068-284120-5UT1,DM03311,동계로15번길,6.7
DM-193068-284237-B7J3,DM00959,경양로321번길,31.6
DM-193070-283921-6Z8Q,DM00808,동명로,84.2
DM-193070-283949-SZY4,DM00825,동계로1번길,25.1
DM-193071-284033-D27G,DM00840,동계로9번길,15.7
DM-193074-284092-DX27,DM00851,동계로13번길,64.2
DM-193077-284116-5UT1,DM03309,동계로15번길,19.7
DM-193078-283701-JFYG,DM00977,동계천로,91.9
DM-193082-283562-GO22,DM00988,장동로,18.7
DM-193083-284107-5UT1,DM03310,동계로15번길,5.1
DM-193084-284258-ZM8E,DM00962,동계로,48.7
DM-193089-284028-D27G,DM00838,동계로9번길,23.0
DM-193090-283754-367J,DM00923,동명로14번길,66.8
DM-193090-283986-ZM8E,DM00826,동계로,80.3
DM-193092-283542-GO22,DM00987,장동로,42.0
DM-193093-284202-B7J3,DM00957,경양로321번길,55.2
DM-193094-284132-5UT1,DM02083,동계로15번길,101.9
DM-193094-284238-B7J3,DM00960,경양로321번길,46.5
DM-193095-284102-5UT1,DM02859,동계로15번길,25.9
DM-193098-284298-ZM8E,DM00945,동계로,282.1
DM-193100-283811-N84A,DM00905,동명로20번길,69.0
DM-193100-284069-DX27,DM00848,동계로13번길,22.4
DM-193101-283664-F9WR,DM00975,제봉로110번길,19.6
DM-193103-283648-GO22,DM00976,장동로,31.2
DM-193104-284045-ZM8E,DM00839,동계로,42.1
DM-193107-283871-OKXU,DM00886,동명로26번길,74.4
DM-193108-283629-GO22,DM03250,장동로,21.2
DM-193112-284077-ZM8E,DM00849,동계로,22.5
DM-193113-283579-GO22,DM03249,장동로,55.1
DM-193114-283972-6Z8Q,DM02039,동명로,73.9
DM-193117-283708-JFYG,DM00926,동계천로,81.7
DM-193120-283544-GO22,DM00991,장동로,34.9
DM-193120-283933-6Z8Q,DM02038,동명로,42.8
DM-193120-284168-52VO,DM02084,경양로,42.3
DM-193123-284125-ZM8E,DM02082,동계로,76.0
DM-193128-283777-367J,DM00908,동명로14번길,58.2
DM-193134-284088-ZM8E,DM03275,동계로,35.6
DM-193135-283896-OKXU,DM03265,동명로26번길,29.0
DM-193139-283835-N84A,DM00890,동명로20번길,60.6
DM-193139-284022-2W3Y,DM00875,동계로10번길,77.6
DM-193141-283638-JFYG,DM02465,동계천로,85.6
DM-193146-283879-OKXU,DM00889,동명로26번길,28.2
DM-193148-283927-6Z8Q,DM02040,동명로,15.5
DM-193148-283949-6Z8Q,DM02041,동명로,42.6
DM-193150-283690-JFYG,DM02466,동계천로,91.5
DM-193151-284096-ZM8E,DM03277,동계로,20.7
DM-193152-284042-QNEL,DM00867,동계로12번길,102.0
DM-193153-283909-OKXU,DM02043,동명로26번길,33.0
DM-193154-283600-GO22,DM03248,장동로,109.3
DM-193155-284084-ZM8E,DM03276,동계로,6.8
DM-193159-283742-367J,DM00925,동명로14번길,71.2
DM-193161-284091-ZM8E,DM03279,동계로,16.4
DM-193168-283953-6Z8Q,DM02044,동명로,61.0
DM-193169-283800-N84A,DM00907,동명로20번길,71.1
DM-193170-284079-ZM8E,DM03278,동계로,26.4
DM-193174-283921-6Z8Q,DM02042,동명로,36.0
DM-193176-283632-JFYG,DM02468,동계천로,43.1
DM-193179-283860-OKXU,DM00888,동명로26번길,71.2
DM-193184-283675-JFYG,DM03253,동계천로,45.0
DM-193186-283900-6Z8Q,DM02045,동명로,36.4
DM-193188-284129-4S4P,DM00873,동명로67번길,115.0
DM-193189-283705-JFYG,DM03252,동계천로,15.5
DM-193191-284086-ZM8E,DM03280,동계로,28.7
DM-193192-283724-JFYG,DM00928,동계천로,23.4
DM-193193-284016-2W3Y,DM00876,동계로10번길,30.2
DM-193193-284069-ZM8E,DM00869,동계로,23.5
DM-193199-283765-367J,DM00910,동명로14번길,59.2
DM-193200-283695-JFYG,DM03255,동계천로,26.2
DM-193201-283504-GO22,DM00989,장동로,195.7
DM-193201-283964-6Z8Q,DM00877,동명로,150.4
DM-193203-284155-52VO,DM02419,경양로,129.4
DM-193207-284063-QNEL,DM00868,동계로12번길,16.9
DM-193208-283602-JFYG,DM02467,동계천로,72.9
DM-193208-283914-6Z8Q,DM02046,동명로,34.1
DM-193208-284024-2W3Y,DM00879,동계로10번길,18.3
DM-193209-283824-N84A,DM00892,동명로20번길,60.6
DM-193212-283647-JFYG,DM03254,동계천로,64.4
DM-193219-283882-OKXU,DM00893,동명로26번길,57.6
DM-193222-283792-N84A,DM00909,동명로20번길,35.9
DM-193227-284015-2W3Y,DM00878,동계로10번길,38.1
DM-193228-284083-QNEL,DM00870,동계로12번길,42.6
DM-193231-283324-1GLE,DM00236,백서로,74.7
DM-193233-283909-6Z8Q,DM02047,동명로,16.6
DM-193234-284046-QNEL,DM00871,동계로12번길,59.8
DM-193239-283676-JFYG,DM03258,동계천로,20.2
DM-193239-283773-N84A,DM00912,동명로20번길,32.7
DM-193240-283980-6Z8Q,DM03272,동명로,18.6
DM-193241-283627-JFYG,DM02469,동계천로,27.2
DM-193243-283727-367J,DM00927,동명로14번길,100.7
DM-193246-283657-JFYG,DM03256,동계천로,34.8
DM-193251-283975-6Z8Q,DM03269,동명로,12.0
DM-193252-283941-6Z8Q,DM02049,동명로,71.0
DM-193252-284004-6Z8Q,DM03271,동명로,49.7
DM-193253-284130-4S4P,DM00874,동명로67번길,63.5
DM-193256-283787-N84A,DM00911,동명로20번길,32.1
DM-193257-283674-JFYG,DM03257,동계천로,18.3
DM-193257-284023-2W3Y,DM00880,동계로10번길,24.7
DM-193262-283380-1GLE,DM00238,백서로,53.5
DM-193263-284084-4S4P,DM00872,동명로67번길,60.1
DM-193264-283983-6Z8Q,DM03270,동명로,35.7
DM-193265-283348-1GLE,DM00239,백서로,36.5
DM-193267-283624-JFYG,DM01712,동계천로,53.0
DM-193268-283683-JFYG,DM03260,동계천로,20.8
DM-193272-284015-6Z8Q,DM00882,동명로,25.6
DM-193274-283334-1GLE,DM03230,백서로,14.9
DM-193280-284159-52VO,DM02420,경양로,24.7
DM-193282-283751-367J,DM00914,동명로14번길,69.8
DM-193282-283843-OKXU,DM00891,동명로26번길,137.5
DM-193287-284000-6Z8Q,DM03273,동명로,25.5
DM-193288-283669-JFYG,DM03259,동계천로,44.5
DM-193289-283427-1GLE,DM00240,백서로,55.7
DM-193289-284035-2W3Y,DM00881,동계로10번길,43.1
DM-193290-284132-52VO,DM03289,경양로,12.3
DM-193291-284086-4S4P,DM02858,동명로67번길,42.6
DM-193292-283547-YR44,DM00992,장동로43번길,176.0
DM-193292-284148-52VO,DM02422,경양로,21.8
DM-193295-283333-1GLE,DM03229,백서로,39.4
DM-193295-284133-52VO,DM03288,경양로,10.9
DM-193296-283454-GO22,DM00243,장동로,18.2
DM-193296-283988-6Z8Q,DM03274,동명로,19.4
DM-193298-284055-4S4P,DM02856,동명로67번길,30.3
DM-193299-283699-JFYG,DM00930,동계천로,40.5
DM-193300-283892-6Z8Q,DM02048,동명로,122.2
DM-193304-283376-1GLE,DM00241,백서로,78.7
DM-193304-283639-JFYG,DM01713,동계천로,27.3
DM-193306-283778-N84A,DM00913,동명로20번길,71.1
DM-193308-283672-JFYG,DM03261,동계천로,15.2
DM-193310-283278-XSMH,DM01037,장동로54번길,142.0
DM-193310-284159-52VO,DM02421,경양로,34.6
DM-193314-283654-JFYG,DM02470,동계천로,22.5
DM-193315-283315-1GLE,DM03231,백서로,23.2
DM-193315-283468-1GLE,DM00242,백서로,42.2
DM-193317-283682-JFYG,DM03262,동계천로,23.1
DM-193320-283242-LRZT,DM01877,필문대로,40.8
DM-193321-283644-JFYG,DM00249,동계천로,8.1
DM-193322-283550-1GLE,DM00245,백서로,123.6
DM-193324-283715-367J,DM00929,동명로14번길,62.7
DM-193325-283336-1GLE,DM03228,백서로,36.0
DM-193325-283628-1GLE,DM00247,백서로,32.7
DM-193325-284127-4S4P,DM03287,동명로67번길,20.2
DM-193327-283490-U9HZ,DM00246,백서로224번길,15.5
DM-193329-284061-4S4P,DM02857,동명로67번길,53.4
DM-193329-284097-4S4P,DM03286,동명로67번길,30.4
DM-193330-284018-4S4P,DM00883,동명로67번길,68.0
DM-193330-284144-4S4P,DM02423,동명로67번길,31.7
DM-193332-284283-8AZD,DM02214,경양로347번길,255.3
DM-193333-283435-GO22,DM00244,장동로,65.8
DM-193333-283645-JFYG,DM00250,동계천로,15.5
DM-193333-284085-4S4P,DM03284,동명로67번길,32.4
DM-193336-283210-LRZT,DM02539,필문대로,63.7
DM-193337-283274-LRZT,DM01489,필문대로,32.9
DM-193339-283345-1GLE,DM01039,백서로,14.7
DM-193339-283611-1GLE,DM00248,백서로,28.1
DM-193339-284115-4S4P,DM03285,동명로67번길,29.9
DM-193340-283657-JFYG,DM02472,동계천로,23.0
DM-193341-283261-VXVD,DM01876,필문대로289번길,23.7
DM-193345-283801-N84A,DM00895,동명로20번길,62.3
DM-193346-284095-4S4P,DM03283,동명로67번길,12.9
DM-193348-283646-JFYG,DM02471,동계천로,13.7
DM-193348-284161-52VO,DM02215,경양로,41.1
DM-193351-283495-U9HZ,DM01053,백서로224번길,32.2
DM-193352-283942-6Z8Q,DM02052,동명로,165.7
DM-193352-284082-4S4P,DM03281,동명로67번길,15.5
DM-193353-283404-GO22,DM00993,장동로,38.2
DM-193354-283853-OKXU,DM00896,동명로26번길,43.2
DM-193355-283207-G89H,DM01479,필문대로295번길,49.3
DM-193355-283451-U9HZ,DM01054,백서로224번길,105.9
DM-193357-283675-JFYG,DM02474,동계천로,58.3
DM-193357-283718-367J,DM00932,동명로14번길,18.9
DM-193358-283282-EB39,DM01488,필문대로287번길,30.0
DM-193359-283256-VXVD,DM01878,필문대로289번길,19.6
DM-193360-283767-N84A,DM00915,동명로20번길,38.7
DM-193360-284052-4S4P,DM03282,동명로67번길,49.5
DM-193362-283376-XSMH,DM00996,장동로54번길,79.9
DM-193363-283270-VXVD,DM01491,필문대로289번길,23.7
DM-193365-283644-JFYG,DM02473,동계천로,21.9
DM-193366-283872-6Z8Q,DM02050,동명로,15.8
DM-193372-283478-U9HZ,DM01056,백서로224번길,42.4
DM-193374-283344-LRZT,DM00999,필문대로,125.1
DM-193377-284129-C95Z,DM02217,동명로69번길,66.1
DM-193379-283282-VXVD,DM01492,필문대로289번길,18.8
DM-193381-283215-G89H,DM02907,필문대로295번길,21.0
DM-193381-283502-U9HZ,DM01055,백서로224번길,29.7
DM-193382-283639-JFYG,DM02475,동계천로,13.7
DM-193382-283665-JFYG,DM02476,동계천로,48.6
DM-193383-283410-GO22,DM00995,장동로,45.6
DM-193383-283703-367J,DM00931,동명로14번길,58.3
DM-193384-283744-N84A,DM00917,동명로20번길,49.9
DM-193386-283236-G89H,DM02906,필문대로295번길,36.2
DM-193388-284000-4S4P,DM02855,동명로67번길,80.7
DM-193390-283190-G89H,DM01481,필문대로295번길,57.5
DM-193391-283637-JFYG,DM02477,동계천로,3.7
DM-193392-283612-JFYG,DM02479,동계천로,50.4
DM-193392-284162-52VO,DM02216,경양로,48.9
DM-193393-283438-GO22,DM00994,장동로,59.5
DM-193394-283926-4S4P,DM02054,동명로67번길,155.8
DM-193395-283814-OKXU,DM00894,동명로26번길,100.2
DM-193396-283760-N84A,DM00916,동명로20번길,34.6
DM-193399-284228-9UPP,DM01161,산수길3번길,115.5
DM-193401-283485-U9HZ,DM01058,백서로224번길,41.4
DM-193401-283862-6Z8Q,DM02051,동명로,55.9
DM-193407-283634-JFYG,DM02478,동계천로,30.5
DM-193407-283665-JFYG,DM00934,동계천로,68.2
DM-193411-283256-EB39,DM01490,필문대로287번길,88.7
DM-193411-283270-VXVD,DM01879,필문대로289번길,63.1
DM-193412-283509-U9HZ,DM01057,백서로224번길,34.7
DM-193412-284102-MCQE,DM02820,필문대로192번길,51.0
DM-193413-283208-G89H,DM02908,필문대로295번길,21.5
DM-193413-284008-C95Z,DM02822,동명로69번길,184.7
DM-193414-283226-G89H,DM02910,필문대로295번길,26.5
DM-193414-283765-N84A,DM00919,동명로20번길,15.9
DM-193421-283389-9EAB,DM00997,필문대로273번길,41.5
DM-193421-284167-52VO,DM01158,경양로,8.6
DM-193423-283330-VXVD,DM01551,필문대로289번길,110.9
DM-193423-283649-JFYG,DM02481,동계천로,35.1
DM-193424-283194-G89H,DM02909,필문대로295번길,36.7
DM-193424-284144-MCQE,DM02424,필문대로192번길,47.0
DM-193425-284180-54CL,DM01157,산수길,23.4
DM-193429-284236-54CL,DM01160,산수길,89.3
DM-193430-283449-LRZT,DM00998,필문대로,112.8
DM-193431-283721-367J,DM03264,동명로14번길,44.5
DM-193433-283698-367J,DM00933,동명로14번길,41.5
DM-193433-283755-N84A,DM00918,동명로20번길,40.1
DM-193433-283831-OKXU,DM00898,동명로26번길,57.3
DM-193434-283283-VXVD,DM02917,필문대로289번길,15.4
DM-193434-283634-JFYG,DM02480,동계천로,23.6
DM-193434-284114-MCQE,DM02821,필문대로192번길,16.7
DM-193435-283271-VXVD,DM02918,필문대로289번길,13.3
DM-193436-283225-G89H,DM01494,필문대로295번길,34.4
DM-193441-283297-VXVD,DM02919,필문대로289번길,17.2
DM-193441-284128-MCQE,DM03185,필문대로192번길,28.0
DM-193443-283855-6Z8Q,DM02053,동명로,30.3
DM-193445-283184-G89H,DM01483,필문대로295번길,95.3
DM-193448-283886-C95Z,DM02056,동명로69번길,70.1
DM-193450-283281-VXVD,DM02920,필문대로289번길,30.6
DM-193450-283394-9EAB,DM01549,필문대로273번길,41.5
DM-193450-283667-JFYG,DM00935,동계천로,62.0
DM-193450-283779-N84A,DM00897,동명로20번길,52.5
DM-193453-283738-367J,DM03263,동명로14번길,30.8
DM-193454-283710-367J,DM00936,동명로14번길,23.8
DM-193456-284109-MCQE,DM02818,필문대로192번길,38.7
DM-193457-283369-9EAB,DM01550,필문대로273번길,41.6
DM-193462-283645-JFYG,DM01873,동계천로,37.3
DM-193462-283839-O8MY,DM01869,동명로70번길,29.6
DM-193464-283227-EB39,DM01493,필문대로287번길,30.6
DM-193467-284176-52VO,DM01159,경양로,85.2
DM-193471-283492-OQSR,DM01578,필문대로263번길,29.1
DM-193471-283591-JFYG,DM01875,동계천로,121.7
DM-193471-283851-6Z8Q,DM02055,동명로,25.7
DM-193471-284133-MCQE,DM02819,필문대로192번길,43.2
DM-193474-283320-9EAB,DM01554,필문대로273번길,88.1
DM-193474-283369-VXVD,DM01552,필문대로289번길,16.8
DM-193475-283791-O8MY,DM01072,동명로70번길,70.1
DM-193476-283825-O8MY,DM01870,동명로70번길,18.4
DM-193478-283369-OQSR,DM01882,필문대로263번길,9.6
DM-193478-283534-LRZT,DM01579,필문대로,83.2
DM-193480-283453-OQSR,DM01581,필문대로263번길,64.5
DM-193485-283215-EB39,DM01495,필문대로287번길,19.0
DM-193485-283872-6Z8Q,DM02058,동명로,44.4
DM-193486-283751-O8MY,DM01073,동명로70번길,13.4
DM-193487-283387-OQSR,DM01881,필문대로263번길,28.9
DM-193488-283917-VV63,DM02836,필문대로218번길,99.6
DM-193489-284114-MCQE,DM02816,필문대로192번길,27.6
DM-193490-283404-VXVD,DM02948,필문대로289번길,13.1
DM-193490-283697-O8MY,DM01871,동명로70번길,96.0
DM-193491-283378-VXVD,DM01880,필문대로289번길,22.8
DM-193495-283743-LRZT,DM01872,필문대로,16.0
DM-193495-283760-WQ35,DM01070,동명로82번길,21.0
DM-193497-283392-VXVD,DM01884,필문대로289번길,17.5
DM-193497-283849-6Z8Q,DM02057,동명로,27.6
DM-193500-283412-OQSR,DM02947,필문대로263번길,27.2
DM-193501-284125-MCQE,DM02817,필문대로192번길,18.2
DM-193504-283742-LRZT,DM03225,필문대로,3.1
DM-193504-283752-WQ35,DM01071,동명로82번길,19.7
DM-193505-283424-VXVD,DM02946,필문대로289번길,1.4
DM-193505-283474-OQSR,DM01580,필문대로263번길,47.4
DM-193507-283697-LRZT,DM03227,필문대로,25.3
DM-193508-283588-LRZT,DM01600,필문대로,40.1
DM-193510-283829-6Z8Q,DM02061,동명로,37.5
DM-193512-284164-52VO,DM02425,경양로,39.2
DM-193513-283338-9EAB,DM01553,필문대로273번길,86.5
DM-193513-283391-VXVD,DM01883,필문대로289번길,27.8
DM-193513-283871-6Z8Q,DM02060,동명로,45.9
DM-193514-283411-VXVD,DM01886,필문대로289번길,29.9
DM-193515-283719-LRZT,DM03226,필문대로,47.7
DM-193516-283444-OQSR,DM01583,필문대로263번길,44.9
DM-193516-283764-WQ35,DM01068,동명로82번길,21.8
DM-193517-283663-JFYG,DM01874,동계천로,78.1
DM-193519-283568-TNWY,DM01599,필문대로253번길,41.9
DM-193524-283847-6Z8Q,DM02059,동명로,26.9
DM-193528-283760-WQ35,DM01069,동명로82번길,13.5
DM-193529-283522-TNWY,DM02958,필문대로253번길,89.7
DM-193531-283405-VXVD,DM01885,필문대로289번길,18.0
DM-193531-283600-LRZT,DM02538,필문대로,26.7
DM-193533-283630-LRZT,DM01328,필문대로,58.1
DM-193534-284188-52VO,DM01207,경양로,51.2
DM-193536-284121-MCQE,DM02815,필문대로192번길,68.3
DM-193540-283880-6Z8Q,DM02063,동명로,67.6
DM-193541-283690-LRZT,DM02537,필문대로,50.1
DM-193542-283770-WQ35,DM01066,동명로82번길,31.0
DM-193545-283388-VXVD,DM01887,필문대로289번길,49.5
DM-193547-283733-LRZT,DM02536,필문대로,83.6
DM-193547-283780-WQ35,DM01067,동명로82번길,14.3
DM-193549-283452-OQSR,DM01582,필문대로263번길,51.7
DM-193552-283562-TNWY,DM01601,필문대로253번길,25.4
DM-193552-283662-LRZT,DM01327,필문대로,14.8
DM-193552-283795-WQ35,DM01063,동명로82번길,13.2
DM-193552-283845-6Z8Q,DM02062,동명로,27.4
DM-193555-283781-WQ35,DM01064,동명로82번길,5.1
DM-193555-283912-VV63,DM02835,필문대로218번길,34.4
DM-193556-283466-OQSR,DM02956,필문대로263번길,49.7
DM-193556-283517-TNWY,DM01603,필문대로253번길,86.5
DM-193556-284043-KCLM,DM02828,필문대로206번길,50.1
DM-193557-283789-WQ35,DM01062,동명로82번길,10.9
DM-193557-283971-VV63,DM02837,필문대로218번길,120.2
DM-193561-283651-6ZG7,DM01326,지호로,28.2
DM-193561-283677-LRZT,DM01889,필문대로,21.0
DM-193566-283781-WQ35,DM01065,동명로82번길,21.3
DM-193566-284160-MCQE,DM02426,필문대로192번길,67.2
DM-193567-283571-TNWY,DM01604,필문대로253번길,24.3
DM-193567-283878-6Z8Q,DM02065,동명로,67.4
DM-193567-284195-52VO,DM01208,경양로,17.4
DM-193568-283423-VXVD,DM01587,필문대로289번길,64.1
DM-193568-283819-WQ35,DM01059,동명로82번길,54.7
DM-193569-283844-6Z8Q,DM02064,동명로,7.0
DM-193574-283595-TNWY,DM02965,필문대로253번길,26.5
DM-193575-283448-OQSR,DM01585,필문대로263번길,15.1
DM-193575-283843-6Z8Q,DM01060,동명로,4.7
DM-193575-284103-KCLM,DM02814,필문대로206번길,49.2
DM-193576-284251-88WW,DM01206,경양로367번길,121.2
DM-193577-283706-LRZT,DM02535,필문대로,44.5
DM-193577-283942-VV63,DM02834,필문대로218번길,70.6
DM-193578-284037-VV63,DM02830,필문대로218번길,18.4
DM-193578-284130-MCQE,DM02813,필문대로192번길,17.6
DM-193582-283870-6Z8Q,DM03198,동명로,57.0
DM-193582-284062-KCLM,DM02829,필문대로206번길,33.7
DM-193583-284197-52VO,DM02427,경양로,14.2
DM-193583-284220-52VO,DM02428,경양로,51.1
DM-193584-283435-OQSR,DM01584,필문대로263번길,25.8
DM-193585-283910-VV63,DM02831,필문대로218번길,25.1
DM-193587-283551-TNWY,DM01602,필문대로253번길,48.6
DM-193589-283578-TNWY,DM02964,필문대로253번길,39.9
DM-193591-283490-OQSR,DM02955,필문대로263번길,75.3
DM-193592-284044-KCLM,DM02826,필문대로206번길,22.6
DM-193592-284119-MCQE,DM02812,필문대로192번길,29.2
DM-193594-284135-MCQE,DM02810,필문대로192번길,16.0
DM-193595-283903-6Z8Q,DM02832,동명로,13.4
DM-193595-284185-52VO,DM02429,경양로,28.3
DM-193597-283676-RXXI,DM01888,필문대로241번길,66.2
DM-193597-283883-6Z8Q,DM03199,동명로,17.6
DM-193598-284008-VV63,DM03204,필문대로218번길,67.7
DM-193598-284148-MCQE,DM02811,필문대로192번길,20.8
DM-193599-283635-6ZG7,DM01329,지호로,53.5
DM-193599-283895-6Z8Q,DM03200,동명로,13.2
DM-193601-283747-LRZT,DM02534,필문대로,50.8
DM-193602-283439-OQSR,DM01586,필문대로263번길,11.3
DM-193602-283971-VV63,DM03202,필문대로218번길,30.0
DM-193604-284082-KCLM,DM03186,필문대로206번길,49.8
DM-193605-284190-52VO,DM01215,경양로,21.7
DM-193606-284140-MCQE,DM02808,필문대로192번길,9.4
DM-193607-283937-VV63,DM02833,필문대로218번길,59.9
DM-193610-284063-KCLM,DM02827,필문대로206번길,48.1
DM-193613-284134-MCQE,DM02809,필문대로192번길,15.6
DM-193614-283840-6Z8Q,DM01061,동명로,75.1
DM-193616-283463-OQSR,DM01589,필문대로263번길,49.7
DM-193618-283581-TNWY,DM01331,필문대로253번길,86.3
DM-193618-283658-U6CJ,DM01330,동명로98번길,90.1
DM-193618-284144-MCQE,DM02806,필문대로192번길,16.1
DM-193619-283976-VV63,DM03201,필문대로218번길,21.6
DM-193619-284035-KCLM,DM02823,필문대로206번길,35.4
DM-193621-283532-TNWY,DM01605,필문대로253번길,29.4
DM-193622-283441-OQSR,DM01588,필문대로263번길,31.1
DM-193623-284155-MCQE,DM02807,필문대로192번길,16.9
DM-193629-283879-LRZT,DM02533,필문대로,78.7
DM-193629-283984-VV63,DM03203,필문대로218번길,13.8
DM-193629-284008-VV63,DM02825,필문대로218번길,45.0
DM-193630-283505-OQSR,DM01607,필문대로263번길,39.0
DM-193633-283803-LRZT,DM02067,필문대로,78.8
DM-193634-283699-RXXI,DM01890,필문대로241번길,41.1
DM-193638-283765-LRZT,DM01897,필문대로,49.9
DM-193638-283937-LRZT,DM03205,필문대로,54.4
DM-193640-283570-TNWY,DM01333,필문대로253번길,89.5
DM-193640-283741-RXXI,DM01892,필문대로241번길,45.1
DM-193641-283616-6ZG7,DM01332,지호로,38.8
DM-193642-283461-OQSR,DM01591,필문대로263번길,47.3
DM-193642-283653-U6CJ,DM02981,동명로98번길,40.9
DM-193642-284046-KCLM,DM02824,필문대로206번길,35.0
DM-193644-284101-KCLM,DM03192,필문대로206번길,28.7
DM-193645-283526-TNWY,DM01608,필문대로253번길,17.6
DM-193650-284071-KCLM,DM03187,필문대로206번길,17.3
DM-193653-284060-KCLM,DM03188,필문대로206번길,13.1
DM-193653-284120-KCLM,DM03194,필문대로206번길,28.8
DM-193654-283536-TNWY,DM02962,필문대로253번길,21.2
DM-193655-283435-OQSR,DM01590,필문대로263번길,35.2
DM-193655-284088-KCLM,DM03189,필문대로206번길,18.3
DM-193656-283851-LRZT,DM02066,필문대로,27.7
DM-193657-283679-RXXI,DM01891,필문대로241번길,55.0
DM-193657-284158-MCQE,DM02804,필문대로192번길,66.5
DM-193658-283911-LRZT,DM02530,필문대로,34.8
DM-193659-283512-TNWY,DM01606,필문대로253번길,56.3
DM-193659-284077-KCLM,DM03190,필문대로206번길,14.5
DM-193661-283752-RXXI,DM01894,필문대로241번길,21.1
DM-193664-283621-U6CJ,DM01335,동명로98번길,26.2
DM-193665-283877-LRZT,DM02531,필문대로,28.0
DM-193666-283525-TNWY,DM02961,필문대로253번길,25.0
DM-193667-283740-RXXI,DM01895,필문대로241번길,15.7
DM-193669-283654-U6CJ,DM01576,동명로98번길,15.9
DM-193671-283987-LRZT,DM02528,필문대로,58.0
DM-193672-283898-LRZT,DM02529,필문대로,16.2
DM-193672-284017-KCLM,DM02526,필문대로206번길,75.3
DM-193673-283601-6ZG7,DM01334,지호로,32.1
DM-193673-283644-U6CJ,DM01574,동명로98번길,23.3
DM-193675-283456-OQSR,DM01593,필문대로263번길,48.5
DM-193675-283762-RXXI,DM01896,필문대로241번길,23.8
DM-193680-283533-TNWY,DM02963,필문대로253번길,18.7
DM-193681-283714-RXXI,DM01893,필문대로241번길,85.8
DM-193684-283664-U6CJ,DM01572,동명로98번길,23.2
DM-193687-283523-TNWY,DM02960,필문대로253번길,16.6
DM-193687-283675-RXXI,DM01573,필문대로241번길,5.8
DM-193687-283942-LRZT,DM02527,필문대로,76.2
DM-193689-283510-TNWY,DM01610,필문대로253번길,25.6
DM-193690-283428-OQSR,DM01592,필문대로263번길,36.8
DM-193690-283621-A5GM,DM01577,지산로57번길,49.7
DM-193691-283676-U6CJ,DM01570,동명로98번길,4.8
DM-193691-283835-6Z8Q,DM01563,동명로,79.1
DM-193691-283882-LRZT,DM02532,필문대로,45.9
DM-193693-283651-A5GM,DM01575,지산로57번길,31.3
DM-193697-283687-U6CJ,DM01568,동명로98번길,20.3
DM-193698-283601-6ZG7,DM01337,지호로,24.6
DM-193699-283491-TNWY,DM01609,필문대로253번길,35.9
DM-193703-283992-LRZT,DM01509,필문대로,30.1
DM-193704-283670-U6CJ,DM01571,동명로98번길,28.6
DM-193705-283586-6ZG7,DM01336,지호로,37.9
DM-193706-283543-TNWY,DM02959,필문대로253번길,48.0
DM-193708-283447-OQSR,DM01595,필문대로263번길,43.9
DM-193708-283727-U6CJ,DM01566,동명로98번길,64.5
DM-193718-284036-LRZT,DM01508,필문대로,62.9
DM-193719-283571-TNWY,DM01339,필문대로253번길,14.3
DM-193719-283796-U6CJ,DM01562,동명로98번길,76.0
DM-193719-283893-LRZT,DM03062,필문대로,39.0
DM-193720-283605-A5GM,DM02998,지산로57번길,22.6
DM-193721-283524-TNWY,DM01612,필문대로253번길,83.8
DM-193721-283758-U6CJ,DM01567,동명로98번길,21.5
DM-193723-283423-OQSR,DM01594,필문대로263번길,30.1
DM-193727-283645-A5GM,DM01621,지산로57번길,37.7
DM-193727-283653-A5GM,DM01623,지산로57번길,37.9
DM-193727-283869-LRZT,DM03061,필문대로,30.8
DM-193728-283575-6ZG7,DM01338,지호로,14.1
DM-193729-283739-U6CJ,DM02989,동명로98번길,37.6
DM-193730-283999-6RMT,DM01507,필문대로205번길,45.4
DM-193731-284077-LRZT,DM02523,필문대로,22.4
DM-193732-283474-TNWY,DM01611,필문대로253번길,37.1
DM-193734-283586-6ZG7,DM01341,지호로,28.5
DM-193736-283757-U6CJ,DM02983,동명로98번길,10.1
DM-193736-283848-2K9Y,DM01565,지산로85번길,34.1
DM-193737-283303-S9D5,DM01436,지산로,146.3
DM-193738-283619-A5GM,DM01622,지산로57번길,46.2
DM-193739-283831-6Z8Q,DM01564,동명로,16.2
DM-193741-283568-6ZG7,DM01340,지호로,15.3
DM-193744-283536-6ZG7,DM01343,지호로,59.3
DM-193744-283794-6Z8Q,DM02069,동명로,74.1
DM-193746-283441-OQSR,DM01597,필문대로263번길,43.9
DM-193746-283664-A5GM,DM02994,지산로57번길,21.4
DM-193746-284060-LRZT,DM02525,필문대로,38.1
DM-193748-283476-TNWY,DM01614,필문대로253번길,23.1
DM-193748-283884-2K9Y,DM01633,지산로85번길,41.8
DM-193749-283756-U6CJ,DM02984,동명로98번길,16.0
DM-193752-283420-OQSR,DM01596,필문대로263번길,26.9
DM-193752-283463-TNWY,DM01613,필문대로253번길,9.3
DM-193754-284001-6RMT,DM01511,필문대로205번길,19.8
DM-193755-283729-U6CJ,DM02990,동명로98번길,53.4
DM-193756-283561-6ZG7,DM01342,지호로,17.6
DM-193757-283653-A5GM,DM02993,지산로57번길,22.0
DM-193760-283468-OQSR,DM01615,필문대로263번길,16.6
DM-193760-283689-1QHK,DM01569,지산로63번길,115.5
DM-193762-283829-6Z8Q,DM02068,동명로,29.6
DM-193762-283926-2K9Y,DM01635,지산로85번길,45.4
DM-193764-283755-U6CJ,DM02985,동명로98번길,13.9
DM-193764-283987-6RMT,DM01510,필문대로205번길,28.3
DM-193765-283448-OQSR,DM01598,필문대로263번길,55.0
DM-193767-283637-A5GM,DM01620,지산로57번길,43.8
DM-193768-283380-S9D5,DM01439,지산로,24.3
DM-193768-283663-A5GM,DM02995,지산로57번길,20.0
DM-193770-283554-6ZG7,DM01344,지호로,13.4
DM-193772-283542-6ZG7,DM01347,지호로,21.0
DM-193774-283791-6Z8Q,DM02071,동명로,74.2
DM-193774-283965-2K9Y,DM01513,지산로85번길,36.0
DM-193776-283595-A5GM,DM01345,지산로57번길,78.9
DM-193777-283754-U6CJ,DM02986,동명로98번길,10.9
DM-193781-283733-U6CJ,DM02991,동명로98번길,40.4
DM-193782-283420-OQSR,DM01441,필문대로263번길,33.1
DM-193782-283507-OQSR,DM01351,필문대로263번길,74.2
DM-193785-283395-S9D5,DM01438,지산로,60.5
DM-193785-283547-6ZG7,DM01346,지호로,20.5
DM-193788-283871-2K9Y,DM01631,지산로85번길,60.1
DM-193790-284015-6RMT,DM01514,필문대로205번길,68.9
DM-193791-283753-U6CJ,DM02987,동명로98번길,18.5
DM-193792-283632-A5GM,DM01618,지산로57번길,8.1
DM-193792-283827-6Z8Q,DM02070,동명로,30.0
DM-193797-283552-6ZG7,DM01349,지호로,18.7
DM-193798-283541-6ZG7,DM01348,지호로,6.7
DM-193798-283637-A5GM,DM01619,지산로57번길,13.6
DM-193799-283424-S9D5,DM01440,지산로,4.5
DM-193802-283658-A5GM,DM01629,지산로57번길,70.2
DM-193804-283466-S9D5,DM01444,지산로,28.5
DM-193804-283752-U6CJ,DM02988,동명로98번길,7.0
DM-193804-283789-6Z8Q,DM02073,동명로,74.3
DM-193805-283537-6ZG7,DM01350,지호로,10.6
DM-193806-283736-U6CJ,DM02992,동명로98번길,30.0
DM-193808-283977-6RMT,DM01512,필문대로205번길,60.7
DM-193809-283444-S9D5,DM01442,지산로,39.5
DM-193810-283826-6Z8Q,DM02072,동명로,6.7
DM-193811-284044-6RMT,DM03063,필문대로205번길,19.6
DM-193812-283627-A5GM,DM01616,지산로57번길,32.4
DM-193814-284082-6RMT,DM02254,필문대로205번길,74.8
DM-193815-283846-6Z8Q,DM02074,동명로,41.4
DM-193816-283513-6ZG7,DM01354,지호로,52.3
DM-193818-283552-6ZG7,DM01352,지호로,37.0
DM-193821-283425-RH2F,DM01443,지산로38번길,42.2
DM-193821-283600-A5GM,DM01617,지산로57번길,52.3
DM-193823-283750-U6CJ,DM02313,동명로98번길,31.0
DM-193828-283825-6Z8Q,DM02075,동명로,29.4
DM-193829-283681-1QHK,DM01626,지산로63번길,24.5
DM-193832-283525-6ZG7,DM01353,지호로,48.4
DM-193833-283935-TA47,DM01634,지산로89번길,145.1
DM-193834-283494-S9D5,DM01356,지산로,72.3
DM-193834-283866-2K9Y,DM03060,지산로85번길,36.0
DM-193834-284000-6RMT,DM03065,필문대로205번길,25.8
DM-193838-283715-KE78,DM01628,동명로110번길,68.6
DM-193839-283786-KE78,DM02076,동명로110번길,74.6
DM-193842-283984-6RMT,DM01515,필문대로205번길,25.7
DM-193844-283840-6Z8Q,DM02078,동명로,33.6
DM-193846-283554-S9D5,DM01447,지산로,26.7
DM-193846-283663-1QHK,DM01627,지산로63번길,37.0
DM-193848-283896-2K9Y,DM01472,지산로85번길,116.1
DM-193849-284025-6RMT,DM03066,필문대로205번길,12.9
DM-193850-284010-6RMT,DM03064,필문대로205번길,28.6
DM-193854-283537-S9D5,DM01445,지산로,22.7
DM-193854-283620-A5GM,DM01453,지산로57번길,53.3
DM-193854-283679-1QHK,DM01624,지산로63번길,25.8
DM-193857-283822-6Z8Q,DM02077,동명로,28.2
DM-193858-283458-RH2F,DM01684,지산로38번길,77.1
DM-193863-283605-S9D5,DM01451,지산로,28.3
DM-193867-283575-S9D5,DM01448,지산로,58.6
DM-193867-283698-1QHK,DM01625,지산로63번길,41.6
DM-193868-284061-6RMT,DM02261,필문대로205번길,79.7
DM-193871-283515-6ZG7,DM01355,지호로,49.6
DM-193871-283839-6Z8Q,DM02080,동명로,34.9
DM-193871-283966-6RMT,DM01473,필문대로205번길,67.8
DM-193875-283472-6ZG7,DM01358,지호로,70.4
DM-193879-283609-S9D5,DM01450,지산로,13.4
DM-193879-283821-6Z8Q,DM02079,동명로,17.1
DM-193880-283877-S9D5,DM01469,지산로,52.5
DM-193883-283676-1QHK,DM01456,지산로63번길,31.1
DM-193884-283751-S9D5,DM01460,지산로,43.8
DM-193888-283638-S9D5,DM01452,지산로,46.3
DM-193888-283806-6Z8Q,DM02081,동명로,28.2
DM-193890-283420-RH2F,DM01683,지산로38번길,96.4
DM-193896-283590-PKWM,DM01449,지산로56번길,45.9
DM-193897-283672-S9D5,DM01455,지산로,24.3
DM-193897-283819-6Z8Q,DM01465,동명로,19.5
DM-193898-283533-MCOP,DM01446,지산로52번길,87.8
DM-193904-284026-6RMT,DM01475,필문대로205번길,132.8
DM-193905-283717-S9D5,DM01457,지산로,67.7
DM-193905-283924-S9D5,DM01470,지산로,71.2
DM-193906-283857-S9D5,DM01466,지산로,35.1
DM-193906-283882-S9D5,DM01468,지산로,13.4
DM-193907-283760-S9D5,DM01459,지산로,19.8
DM-193907-283829-S9D5,DM01463,지산로,21.3
DM-193908-283794-S9D5,DM01461,지산로,48.5
DM-193911-283658-S9D5,DM01454,지산로,34.5
DM-193914-283682-HJS3,DM01458,준법로,26.2
DM-193920-283596-PKWM,DM01899,지산로56번길,31.8
DM-193920-283959-6RMT,DM01474,필문대로205번길,30.5
DM-193922-283769-S9D5,DM01462,지산로,29.2
DM-193923-283838-S9D5,DM01467,지산로,32.8
DM-193923-283888-S9D5,DM01471,지산로,35.2
DM-193927-283575-PKWM,DM01898,지산로56번길,22.3
DM-193932-283724-HJS3,DM01536,준법로,87.4
DM-193935-284029-6RMT,DM01517,필문대로205번길,142.6
DM-193939-283958-6RMT,DM01516,필문대로205번길,7.5
DM-193940-283817-874B,DM01464,지산로78번길,65.4
DM-193940-283862-S9D5,DM03059,지산로,50.1
DM-193941-283569-PKWM,DM01900,지산로56번길,7.9
DM-193942-283922-S9D5,DM01519,지산로,70.5
DM-193946-283590-PKWM,DM01901,지산로56번길,43.1
DM-193949-283679-HJS3,DM01535,준법로,42.9
DM-193954-283767-S9D5,DM03058,지산로,34.9
DM-193954-283957-6RMT,DM01518,필문대로205번길,22.1
DM-193957-283835-S9D5,DM01639,지산로,34.3
DM-193958-283886-S9D5,DM01641,지산로,34.1
DM-193963-284028-6RMT,DM01521,필문대로205번길,144.6
DM-193966-283492-6ZG7,DM01357,지호로,149.0
DM-193967-283661-HJS3,DM01538,준법로,34.8
DM-193971-283722-HJS3,DM01539,준법로,87.4
DM-193971-283956-6RMT,DM01520,필문대로205번길,12.6
DM-193972-283791-HJS3,DM01637,준법로,51.4
DM-193973-283825-874B,DM01636,지산로78번길,18.1
DM-193974-283860-874B,DM01638,지산로78번길,51.2
DM-193976-283904-874B,DM01640,지산로78번길,36.9
DM-193977-283939-874B,DM01523,지산로78번길,33.0
DM-193983-283617-PKWM,DM01907,지산로56번길,47.9
DM-193985-283955-6RMT,DM01522,필문대로205번길,15.4
DM-193992-284030-6RMT,DM01525,필문대로205번길,150.4
DM-193995-283676-HJS3,DM01537,준법로,49.0
DM-194007-283954-6RMT,DM01524,필문대로205번길,28.5
DM-194017-283649-HJS3,DM01541,준법로,49.7
DM-194020-284031-6RMT,DM01527,필문대로205번길,155.3
DM-194026-283674-HJS3,DM01540,준법로,12.6
DM-194028-283629-MCOP,DM01543,지산로52번길,88.0
DM-194036-283953-6RMT,DM01526,필문대로205번길,29.6
DM-194049-284033-6RMT,DM01529,필문대로205번길,160.5
DM-194062-283919-5CP4,DM01642,밤실로43번길,172.2
DM-194066-283952-6RMT,DM01528,필문대로205번길,30.7
DM-194081-283992-6RMT,DM01531,필문대로205번길,80.7
DM-194090-283669-HJS3,DM01542,준법로,115.4
DM-194096-283951-6RMT,DM01530,필문대로205번길,29.5
DM-194111-283975-6RMT,DM01533,필문대로205번길,47.8
DM-194126-283950-6RMT,DM01532,필문대로205번길,30.1
DM-194140-283988-6RMT,DM01534,필문대로205번길,75.2
DM-194149-283695-FTDK,DM01545,준법로25번길,61.3
DM-194151-283902-FTDK,DM01643,준법로25번길,29.2
DM-194153-283763-FTDK,DM01652,준법로25번길,74.5
DM-194155-283809-FTDK,DM01910,준법로25번길,17.6
DM-194156-283879-FTDK,DM01914,준법로25번길,18.7
DM-194157-283844-FTDK,DM01912,준법로25번길,52.0
DM-194158-283664-HJS3,DM01544,준법로,21.7
DM-194163-283800-FTDK,DM01911,준법로25번길,15.5
DM-194166-283576-1AOQ,DM03008,밤실로,34.2
DM-194167-283628-1AOQ,DM01547,밤실로,70.2
DM-194169-283725-AZHT,DM01650,밤실로23번길,36.1
DM-194176-283662-HJS3,DM01546,준법로,14.1
DM-194178-283948-6RMT,DM00283,필문대로205번길,75.5
DM-194182-283592-1AOQ,DM03007,밤실로,28.8
DM-194184-283868-22RU,DM01915,밤실로39번길,51.3
DM-194185-283693-HJS3,DM01651,준법로,63.1
DM-194189-283816-FTDK,DM01913,준법로25번길,66.1
DM-194189-283915-5CP4,DM00281,밤실로43번길,82.4
DM-194192-284034-1AOQ,DM00284,밤실로,52.7
DM-194195-283723-AZHT,DM01648,밤실로23번길,15.9
DM-194199-283661-HJS3,DM01548,준법로,33.3
DM-194199-283885-1AOQ,DM00279,밤실로,89.5
DM-194201-283524-A8GE,DM01669,밤실로3번길,56.6
DM-194202-283976-1AOQ,DM00282,밤실로,67.0
DM-194203-283590-1AOQ,DM03005,밤실로,13.3
DM-194204-283555-1AOQ,DM00259,밤실로,90.0
DM-194206-283794-AZHT,DM01649,밤실로23번길,143.8
DM-194211-283600-1AOQ,DM03006,밤실로,20.6
DM-194211-283722-AZHT,DM01646,밤실로23번길,16.3
DM-194218-283691-HJS3,DM01647,준법로,63.4
DM-194224-283930-1AOQ,DM00280,밤실로,35.3
DM-194226-284009-1AOQ,DM00285,밤실로,69.0
DM-194227-283721-AZHT,DM01644,밤실로23번길,17.1
DM-194230-283588-1AOQ,DM00261,밤실로,41.8
DM-194231-283865-22RU,DM00274,밤실로39번길,43.1
DM-194235-283503-A8GE,DM00255,밤실로3번길,25.6
DM-194236-283658-HJS3,DM00266,준법로,39.1
DM-194237-283747-AZHT,DM01645,밤실로23번길,53.3
DM-194237-283899-1AOQ,DM00277,밤실로,31.6
DM-194244-283493-1AOQ,DM00251,밤실로,34.1
DM-194246-283514-1AOQ,DM00254,밤실로,8.3
DM-194247-283535-1AOQ,DM00256,밤실로,32.9
DM-194248-283719-AZHT,DM00269,밤실로23번길,23.4
DM-194248-283874-1AOQ,DM00275,밤실로,21.7
DM-194249-283477-6ZG7,DM00253,지호로,13.3
DM-194250-283569-1AOQ,DM00258,밤실로,34.7
DM-194252-283604-1AOQ,DM00260,밤실로,36.9
DM-194254-283640-1AOQ,DM00263,밤실로,33.6
DM-194256-283663-1AOQ,DM00265,밤실로,13.7
DM-194258-283694-1AOQ,DM00267,밤실로,48.7
DM-194261-283745-1AOQ,DM00270,밤실로,52.2
DM-194262-283818-1AOQ,DM00273,밤실로,94.9
DM-194265-283584-1AOQ,DM00262,밤실로,28.6
DM-194268-283531-X6GR,DM00257,밤실로4번길,49.9
DM-194272-283897-0OQO,DM00278,밤실로42번길,62.2
DM-194273-283770-1AOQ,DM00272,밤실로,20.9
DM-194274-283669-SAGS,DM01777,밤실로20번길,37.0
DM-194275-283754-A0DR,DM00271,밤실로30번길,37.9
DM-194277-283715-1AOQ,DM00268,밤실로,36.6
DM-194277-283963-0OQO,DM02310,밤실로42번길,98.0
DM-194278-283461-6ZG7,DM01376,지호로,57.4
DM-194283-283484-6ZG7,DM01375,지호로,55.6
DM-194284-283558-X6GR,DM01798,밤실로4번길,36.2
DM-194288-283613-1AOQ,DM00264,밤실로,74.0
DM-194291-283647-SAGS,DM01778,밤실로20번길,42.1
DM-194294-283690-SAGS,DM01780,밤실로20번길,45.7
DM-194296-283726-A0DR,DM01774,밤실로30번길,32.1
DM-194296-283885-1AOQ,DM00276,밤실로,96.4
DM-194300-283713-1AOQ,DM03009,밤실로,8.6
DM-194305-283545-X6GR,DM01797,밤실로4번길,30.2
DM-194305-283667-SAGS,DM01779,밤실로20번길,25.2
DM-194312-283569-X6GR,DM01800,밤실로4번길,40.6
DM-194312-283703-A0DR,DM02240,밤실로30번길,24.8
DM-194317-283638-6CJO,DM01782,밤실로4번안길,53.8
DM-194318-283468-6ZG7,DM01378,지호로,45.6
DM-194318-283680-6CJO,DM01783,밤실로4번안길,30.3
DM-194322-283492-6ZG7,DM01377,지호로,23.7
DM-194329-283661-SAGS,DM01781,밤실로20번길,25.8
DM-194331-283950-0OQO,DM02309,밤실로42번길,96.6
DM-194335-283733-6CJO,DM03011,밤실로4번안길,22.2
DM-194336-283557-X6GR,DM01799,밤실로4번길,36.3
DM-194338-283589-6CJO,DM01802,밤실로4번안길,54.6
DM-194338-283699-6CJO,DM02239,밤실로4번안길,36.7
DM-194343-283652-SAGS,DM01786,밤실로20번길,15.5
DM-194343-283666-SAGS,DM01785,밤실로20번길,12.6
DM-194347-283496-6ZG7,DM01379,지호로,27.7
DM-194349-283660-SAGS,DM01784,밤실로20번길,14.3
DM-194349-283714-6CJO,DM02242,밤실로4번안길,24.2
DM-194349-283729-6CJO,DM03010,밤실로4번안길,16.3
DM-194349-283742-6CJO,DM03012,밤실로4번안길,23.8
DM-194356-283766-A0DR,DM01773,밤실로30번길,155.4
DM-194357-283671-SAGS,DM01788,밤실로20번길,24.5
DM-194359-283571-X6GR,DM01801,밤실로4번길,19.9
DM-194362-283514-6ZG7,DM01380,지호로,75.2
DM-194362-283706-6CJO,DM02241,밤실로4번안길,12.4
DM-194362-283734-6CJO,DM03013,밤실로4번안길,18.0
DM-194365-283436-E99H,DM01696,지호로70번길,27.5
DM-194367-283472-YVTL,DM01382,지호로86번길,54.8
DM-194371-283611-X6GR,DM01806,밤실로4번길,68.1
DM-194371-283658-SAGS,DM01787,밤실로20번길,28.6
DM-194373-283696-6CJO,DM02244,밤실로4번안길,26.1
DM-194374-283577-X6GR,DM01803,밤실로4번길,11.5
DM-194377-283564-6ZG7,DM01808,지호로,79.3
DM-194379-283447-E99H,DM01698,지호로70번길,8.8
DM-194381-283712-6CJO,DM02243,밤실로4번안길,28.2
DM-194382-283552-X6GR,DM01804,밤실로4번길,53.7
DM-194385-283667-SAGS,DM01790,밤실로20번길,18.4
DM-194390-283582-X6GR,DM01805,밤실로4번길,21.6
DM-194398-283406-YVTL,DM01699,지호로86번길,95.2
DM-194398-283699-6CJO,DM02246,밤실로4번안길,22.5
DM-194405-283656-SAGS,DM01789,밤실로20번길,39.5
DM-194406-283581-X6GR,DM01807,밤실로4번길,11.9
DM-194411-283610-X6GR,DM03014,밤실로4번길,13.7
DM-194411-283712-6CJO,DM02245,밤실로4번안길,33.3
DM-194412-283453-E99H,DM01701,지호로70번길,59.5
DM-194413-283589-6ZG7,DM01809,지호로,34.6
DM-194415-283512-6ZG7,DM01381,지호로,111.4
DM-194415-283593-X6GR,DM01811,밤실로4번길,27.9
DM-194421-283431-E99H,DM01700,지호로70번길,86.0
DM-194424-283580-X6GR,DM01812,밤실로4번길,19.3
DM-194426-283684-SAGS,DM01792,밤실로20번길,58.7
DM-194428-283727-SAGS,DM01776,밤실로20번길,26.5
DM-194434-283546-X6GR,DM01810,밤실로4번길,88.2
DM-194437-283591-X6GR,DM03015,밤실로4번길,20.9
DM-194438-283535-6ZG7,DM01384,지호로,92.5
DM-194439-283574-X6GR,DM03016,밤실로4번길,21.8
DM-194441-283710-6CJO,DM02247,밤실로4번안길,38.0
DM-194445-283613-X6GR,DM03017,밤실로4번길,25.9
DM-194445-283654-SAGS,DM01791,밤실로20번길,41.4
DM-194449-283594-X6GR,DM03018,밤실로4번길,19.3
DM-194452-283493-6ZG7,DM01385,지호로,71.8
DM-194454-283631-X6GR,DM03019,밤실로4번길,14.4
DM-194457-283621-X6GR,DM03020,밤실로4번길,15.2
DM-194457-283737-A0DR,DM01775,밤실로30번길,58.9
DM-194459-283463-E99H,DM03051,지호로70번길,36.7
DM-194463-283644-X6GR,DM01794,밤실로4번길,17.8
DM-194464-283633-X6GR,DM03021,밤실로4번길,14.1
DM-194465-283572-X6GR,DM01814,밤실로4번길,37.1
DM-194470-283673-SAGS,DM01796,밤실로20번길,64.4
DM-194471-283600-X6GR,DM03022,밤실로4번길,39.7
DM-194471-283652-SAGS,DM01793,밤실로20번길,10.3
DM-194475-283506-6ZG7,DM01386,지호로,38.3
DM-194476-283473-E99H,DM03052,지호로70번길,12.5
DM-194481-283560-X6GR,DM01813,밤실로4번길,15.1
DM-194483-283528-6ZG7,DM01383,지호로,28.9
DM-194484-283570-X6GR,DM01816,밤실로4번길,15.3
DM-194486-283651-SAGS,DM01795,밤실로20번길,20.0
DM-194487-284060-YQOK,DM01820,2순환로,993.0
DM-194491-283470-E99H,DM01687,지호로70번길,29.8
DM-194497-283620-X6GR,DM01818,밤실로4번길,111.9
DM-194498-283566-X6GR,DM01815,밤실로4번길,22.2
DM-194504-283377-7WVF,DM01686,지호로100번길,187.3
DM-194505-283501-7WVF,DM01388,지호로100번길,61.7
DM-194515-283539-6ZG7,DM01387,지호로,38.6
DM-194521-283568-X6GR,DM01817,밤실로4번길,22.5
DM-194528-283278-YQOK,DM01391,2순환로,539.0
DM-194532-283556-YQOK,DM01390,2순환로,18.9
DM-194564-283519-539Z,DM01392,지호로104번길,89.6
DM-194564-283577-X6GR,DM01819,밤실로4번길,71.8
DM-194567-283540-7PJC,DM01393,지호로106번길,46.8
DM-194579-283500-7PJC,DM01409,지호로106번길,58.6
DM-194580-283573-6ZG7,DM01389,지호로,108.4
DM-194586-283609-X6GR,DM01821,밤실로4번길,19.8
DM-194604-283538-7PJC,DM01418,지호로106번길,43.9
DM-194610-283608-X6GR,DM01395,밤실로4번길,40.9
DM-194650-283535-7PJC,DM01420,지호로106번길,60.5
DM-194657-283564-7PJC,DM01419,지호로106번길,76.3
DM-194662-283619-6ZG7,DM01394,지호로,79.2
DM-194673-283664-6ZG7,DM03054,지호로,29.0
DM-194692-283653-6ZG7,DM01397,지호로,31.5
DM-194701-283684-6ZG7,DM03053,지호로,47.0
