road,addr,seg_uid,spot,lat,lon,w_m,acc_m,method,obs_date,note
밤실로4번길,광주 동구 지산동 224-1,DM-194359-283571-X6GR,mid,35.148468,126.938037,6.0,1.0,naver_ruler,2026-10-03,연석이 없다 — 지산복지회관 앞 포장 광장과 노면이 끊기지 않고 이어진다
밤실로4번길,광주 동구 지산동 224-1,DM-194336-283557-X6GR,mid,35.148414,126.937971,5.4,1.0,naver_ruler,2026-10-03,같은 자리 두 번째 측선
밤실로4번길,광주 동구 지산동 224-1,DM-194336-283557-X6GR,mid,35.148414,126.937971,5.5,1.0,naver_ruler,2026-10-03,같은 자리 세 번째 측선
지호로,광주 동구 지산동 702-21,DM-194362-283514-6ZG7,mid,35.147891,126.937877,5.2,1.0,naver_ruler,2026-10-03,필로티 주차 진입구 구간
지호로,광주 동구 지산동 702-21,DM-194362-283514-6ZG7,mid,35.147891,126.937877,5.3,1.0,naver_ruler,2026-10-03,같은 자리 두 번째 측선
지호로,광주 동구 지산동 192-6,DM-194249-283477-6ZG7,off,35.147641,126.936824,6.5,1.0,naver_ruler,2026-10-03,로터리 진입부 — 중앙섬이 있어 구간 중앙은 환상으로 벌어진다. 중앙부가 아니다
지호로,광주 동구 지산동 192-6,DM-194249-283477-6ZG7,off,35.147641,126.936824,8.6,1.0,naver_ruler,2026-10-03,같은 로터리 다른 진입부
필문대로289번길,광주 동구 서석동 1005-27,DM-193341-283261-VXVD,off,35.145714,126.927047,2.1,0.5,naver_ruler,2026-10-03,★ 입구 폭이다. 필문대로와 직결이 아니라 보도를 건너 들어간다 — 화단과 연석이 가로막는다
동명로,광주 동구 지산동 724-2,,none,,,18.1,1.5,naver_ruler,2026-10-03,구간 미배정 — 법조타운 앞. 2차로 + 주차 + 가로수 보도
동명로,광주 동구 동명동 159-7,,none,,,19.0,1.5,naver_ruler,2026-10-03,구간 미배정 — 동명로26번길 교차부
동명로,광주 동구 동명동 159-7,,none,,,19.2,1.5,naver_ruler,2026-10-03,구간 미배정 — 같은 자리 두 번째 측선
